#Selection names:,"Selection 1, Selection 2, Selection 3, Selection 4, Selection 5, Selection 6, Selection 7, Selection 8, Selection 9, Selection 10, Selection 12, Selection 14, Selection 15, Selection 16, Selection 17, Selection 18, Selection 20, Selection 21, Selection 22, Selection 23, Selection 24, Selection 25, Selection 26"
"#Areas (Âµm^2): 73452.4, 4546.9, 48739.0, 881315.4, 207617.3, 71806.4, 142028.1, 68367.9, 276202.4, 92268.3, 6999.8, 46489.2, 357082.1, 616969.5, 8496376.1, 946366.8, 48600.6, 8127.4, 846412.0, 1231065.0, 1012393.6, 1525288.3, 321422.7"
Selection,X,Y
Selection 1,5113.355355211617,8345.875312205106
Selection 1,5153.906967467903,8350.618307536262
Selection 1,5154.439140857093,8350.71143787937
Selection 1,5185.82406648458,8365.904988140748
Selection 1,5224.380028531403,8393.631221717553
Selection 1,5243.0060971530565,8420.712195059965
Selection 1,5268.051507281816,8486.754912658456
Selection 1,5270.366461524793,8569.328266158667
Selection 1,5246.751267379482,8630.428423405056
Selection 1,5209.492477968809,8675.902639511349
Selection 1,5185.6976753046465,8684.058196700687
Selection 1,5115.291135914796,8684.883065453932
Selection 1,5083.520384580147,8667.248169769644
Selection 1,5056.958280292196,8644.697322402715
Selection 1,5034.626954448306,8623.483560676124
Selection 1,5016.852363249356,8598.943715267096
Selection 1,5000.627727046423,8576.791997942057
Selection 1,4990.729302007488,8537.105167443204
Selection 1,4991.833561790057,8502.826549011997
Selection 1,4999.330554410272,8476.630313929116
Selection 1,5006.514895164339,8448.817602176567
Selection 1,5017.584101659493,8418.743153519961
Selection 1,5049.028896793263,8377.579541866106
Selection 1,5087.33207648022,8354.729346967755
Selection 1,5113.355355211617,8345.875312205106
Selection 2,5392.0346026283805,8808.26746573766
Selection 2,5426.007221360804,8817.28780468443
Selection 2,5427.683567536753,8821.099496584504
Selection 2,5439.218425747448,8854.16076838794
Selection 2,5393.870600821086,8914.18327452122
Selection 2,5370.860753905979,8875.088486917843
Selection 2,5370.168928500032,8845.612733324073
Selection 2,5392.0346026283805,8808.26746573766
Selection 3,5528.144599081115,8988.953635702428
Selection 3,5568.396863805981,8971.471739867533
Selection 3,5585.286716745402,8974.212432821863
Selection 3,5617.077424582146,8983.25272827073
Selection 3,5652.420389791734,9000.841058783464
Selection 3,5682.082404071718,9029.558465297634
Selection 3,5727.483446336999,9058.761480029441
Selection 3,5778.425744017221,9115.910249861094
Selection 3,5783.767434411217,9151.452780091628
Selection 3,5761.901760282869,9183.888748162764
Selection 3,5733.6832663210635,9204.543727830705
Selection 3,5691.841133595992,9213.70376229214
Selection 3,5644.045311079355,9208.608202090645
Selection 3,5574.117727739776,9192.822608933793
Selection 3,5533.4663329730165,9169.493457985172
Selection 3,5511.361180819532,9145.41261212432
Selection 3,5495.242979294438,9103.743435750735
Selection 3,5493.42028543646,9076.34315837481
Selection 3,5500.045844131877,9045.989318688878
Selection 3,5528.144599081115,8988.953635702428
Selection 4,5543.590931702357,7925.744377941611
Selection 4,5554.420660172375,7921.792990526873
Selection 4,5588.8389741182455,7936.680541089468
Selection 4,5618.341336381472,7967.752814850804
Selection 4,5639.362185254481,7997.082220762544
Selection 4,5660.8486858430315,8031.873056080847
Selection 4,5668.611765157842,8067.176108286246
Selection 4,5676.394800974747,8093.738212574198
Selection 4,5695.107347772145,8119.262578753227
Selection 4,5725.401317951791,8132.460478805142
Selection 4,5758.156590056442,8133.272043223657
Selection 4,5791.091470679945,8128.282917699999
Selection 4,5829.075346333389,8111.506151605782
Selection 4,5862.708704530203,8088.443087351755
Selection 4,5905.322488669601,8089.214738766081
Selection 4,5943.918363720613,8095.334732741767
Selection 4,5977.877678118307,8111.406369095308
Selection 4,6013.619773369788,8131.602349215073
Selection 4,6042.290614712405,8144.97985778584
Selection 4,6071.646629293604,8162.847579327898
Selection 4,6099.199906518921,8180.662083531036
Selection 4,6134.083872180333,8183.768645690434
Selection 4,6167.178404820593,8180.203083982859
Selection 4,6196.8736799374,8172.785917371023
Selection 4,6239.8400289471365,8166.8654884162825
Selection 4,6271.204998072529,8166.0206631609435
Selection 4,6329.664244875062,8167.850009186283
Selection 4,6368.805597649994,8176.7705656225835
Selection 4,6420.426416401433,8195.848981625048
Selection 4,6468.840890483004,8220.156001176307
Selection 4,6497.591557833998,8249.84462412575
Selection 4,6514.627758455447,8280.557680849384
Selection 4,6537.87708339569,8318.12246995884
Selection 4,6546.910726677192,8348.76235284146
Selection 4,6549.831028150373,8385.502273197671
Selection 4,6550.822201087739,8424.164669922335
Selection 4,6547.256639380165,8487.672911754808
Selection 4,6537.258431830756,8544.050030172135
Selection 4,6518.858536899509,8614.849047436512
Selection 4,6501.063989198465,8668.452212062686
Selection 4,6482.211746886405,8719.740422445882
Selection 4,6444.420784086543,8775.964541013816
Selection 4,6376.329198939669,8819.569498090581
Selection 4,6298.79153613467,8835.168830561217
Selection 4,6245.121849834848,8848.180469926914
Selection 4,6178.906175884869,8892.88968678625
Selection 4,6096.652126418174,8959.943533824202
Selection 4,6009.874603143362,8995.293151201155
Selection 4,5900.386580484863,9005.537488943064
Selection 4,5799.8789837689465,9005.125054566442
Selection 4,5736.78982848046,8996.177889460683
Selection 4,5680.9382312849575,8976.959777943555
Selection 4,5635.124754643055,8955.772624886424
Selection 4,5589.93658173345,8938.00468585484
Selection 4,5573.279554651799,8915.074664948112
Selection 4,5533.519550311934,8841.514998227309
Selection 4,5515.545394092038,8788.543789500798
Selection 4,5507.935314626619,8750.100914299179
Selection 4,5497.637759545791,8695.140707530569
Selection 4,5474.714390806427,8623.264039153082
Selection 4,5453.021673029566,8555.791105571141
Selection 4,5437.1296451948765,8503.811069781998
Selection 4,5430.510738666824,8475.120271937285
Selection 4,5425.029352758166,8435.965614827624
Selection 4,5421.417225879038,8392.06131021944
Selection 4,5409.829150329424,8321.561640486481
Selection 4,5389.380387849794,8246.58506211696
Selection 4,5367.441539880431,8189.908596168214
Selection 4,5354.842334891356,8160.925102959448
Selection 4,5343.314128848025,8129.433742654123
Selection 4,5337.786177767814,8095.74716711839
Selection 4,5342.50256442951,8056.738857690754
Selection 4,5353.55181442257,8018.349199828054
Selection 4,5361.1219808838,7993.01109433524
Selection 4,5388.74843195013,7978.289847956768
Selection 4,5417.126577928692,7967.712901846615
Selection 4,5444.919333179147,7951.069179099694
Selection 4,5478.426300196028,7935.868976670952
Selection 4,5506.232359781211,7929.389765657562
Selection 4,5543.590931702357,7925.744377941611
Selection 5,5791.856197492697,7863.26443675127
Selection 5,5802.822451323586,7853.310643625244
Selection 5,5803.151656338051,7852.018669228856
Selection 5,5815.1614279506375,7842.083510348931
Selection 5,5829.056364127187,7820.256596748396
Selection 5,5839.000840130162,7805.193914482804
Selection 5,5850.0074681609385,7789.95110117156
Selection 5,5859.054394643345,7776.897811777273
Selection 5,5868.7410969085795,7764.465663919713
Selection 5,5877.8470318369755,7752.15153295413
Selection 5,5882.809952715412,7740.352949464029
Selection 5,5886.021254460283,7727.302765777426
Selection 5,5889.272930405041,7715.83338730179
Selection 5,5893.701669561893,7703.261482598466
Selection 5,5899.574562791633,7690.133656219772
Selection 5,5908.217747275168,7679.437598957359
Selection 5,5917.354739280401,7667.129679407143
Selection 5,5922.8363133420025,7653.818616275115
Selection 5,5925.323985196589,7639.693857729979
Selection 5,5925.451319211617,7623.559706313534
Selection 5,5924.330158737828,7608.313787294606
Selection 5,5921.873543960079,7589.865883653859
Selection 5,5918.152906155093,7577.228759089179
Selection 5,5908.8916858425155,7563.917695957151
Selection 5,5900.857220064971,7551.1314974236575
Selection 5,5893.161276424942,7539.174522841691
Selection 5,5885.819383460847,7527.993975180632
Selection 5,5879.542748232236,7514.583529402729
Selection 5,5870.825026764293,7500.840772902678
Selection 5,5867.498813835128,7485.91163606748
Selection 5,5870.930620825537,7472.085025459971
Selection 5,5883.70750223598,7467.0102991049225
Selection 5,5897.1552165060875,7464.112673836099
Selection 5,5921.535021822563,7459.376469618566
Selection 5,5934.951679015834,7459.0006789888475
Selection 5,5951.918160091491,7459.65287760241
Selection 5,5976.394242346159,7461.609473443094
Selection 5,5999.733635588619,7465.8953500465
Selection 5,6018.010725306767,7471.193687354768
Selection 5,6026.169419391656,7488.169485553478
Selection 5,6022.495367201926,7502.508537928785
Selection 5,6021.740680234804,7515.918983706688
Selection 5,6031.16339734693,7542.457255863285
Selection 5,6055.015232357188,7547.839447279011
Selection 5,6066.7548074013,7563.613336604156
Selection 5,6072.9010029072,7583.359426056659
Selection 5,6072.360609770248,7604.341587167247
Selection 5,6072.484838077593,7620.413624430019
Selection 5,6073.8948293659605,7640.398853374162
Selection 5,6073.3730704751115,7660.1573656574
Selection 5,6074.919712901557,7674.648597709206
Selection 5,6079.513054565643,7697.491077722286
Selection 5,6088.159344756861,7713.218381432176
Selection 5,6098.116243590571,7726.721998440587
Selection 5,6115.970957063745,7747.095440845184
Selection 5,6121.440108294613,7767.152101066051
Selection 5,6125.468211160279,7780.407261459772
Selection 5,6130.577100299845,7798.324089086619
Selection 5,6137.139460635351,7821.324960191564
Selection 5,6159.935355033176,7854.024956392479
Selection 5,6171.768101307797,7871.60326188181
Selection 5,6181.004475958905,7892.380446285279
Selection 5,6185.029473116886,7910.433925050205
Selection 5,6185.402158038922,7940.587240950544
Selection 5,6179.277702486808,7957.035068843034
Selection 5,6166.16229893885,7978.5203545983695
Selection 5,6165.82067109365,7994.284926800464
Selection 5,6162.2118387652745,8011.027796922899
Selection 5,6168.246228794563,8029.922922470088
Selection 5,6176.380077217984,8043.283676925053
Selection 5,6185.442532238809,8056.768659687365
Selection 5,6200.884110841805,8078.940306840782
Selection 5,6210.496276122632,8092.8600886788
Selection 5,6215.518205447057,8110.481874075701
Selection 5,6214.720038572365,8123.86126277677
Selection 5,6213.449804129761,8145.23163734781
Selection 5,6202.182296653561,8155.753774979939
Selection 5,6186.423935866836,8164.4311222479955
Selection 5,6167.320727904842,8168.1051744377255
Selection 5,6146.7019345932395,8166.5430034728615
Selection 5,6122.968116474958,8161.362683056572
Selection 5,6108.060719593545,8157.763167851246
Selection 5,6093.563276126373,8152.983483726144
Selection 5,6074.832753086416,8141.55137374271
Selection 5,6053.344361623397,8123.82709999225
Selection 5,6038.023905620063,8113.550313267125
Selection 5,6024.312206196847,8107.307840823034
Selection 5,6004.010195068974,8097.118013913052
Selection 5,5979.490632906735,8087.030675356631
Selection 5,5960.741475620676,8082.601936199778
Selection 5,5945.15392875655,8078.688744518407
Selection 5,5927.737120066768,8076.188649833087
Selection 5,5908.9382714577705,8074.232053992402
Selection 5,5870.520667411298,8073.126422057029
Selection 5,5840.181009049941,8078.403019411514
Selection 5,5817.09007242217,8095.888153670336
Selection 5,5789.430639791784,8109.363819309595
Selection 5,5775.790371645293,8114.839181955831
Selection 5,5753.429276323174,8118.230614746353
Selection 5,5738.0529175815345,8117.693327317085
Selection 5,5722.589599024754,8113.4819876980855
Selection 5,5712.374926453303,8106.323331487324
Selection 5,5697.3526183875965,8090.142594455625
Selection 5,5679.339513822557,8061.284358659359
Selection 5,5675.494647710227,8049.715597537846
Selection 5,5671.603195982641,8036.590876866836
Selection 5,5664.273725849281,8027.078094231886
Selection 5,5655.835518072864,8011.316627737476
Selection 5,5648.465673739616,7990.607768903049
Selection 5,5633.75083073459,7970.827516666024
Selection 5,5620.063976972843,7960.674958248246
Selection 5,5613.656902021519,7946.736542164127
Selection 5,5616.216005152828,7932.034121989834
Selection 5,5644.186008551578,7922.226297124937
Selection 5,5672.221231811683,7911.5861426008305
Selection 5,5692.308949109386,7903.356017239218
Selection 5,5713.272475973871,7895.163160369808
Selection 5,5729.710986743312,7890.958032166176
Selection 5,5750.913653099436,7883.1502830495365
Selection 5,5770.811922228438,7875.1406629334615
Selection 5,5791.856197492697,7863.26443675127
Selection 6,6248.699586338932,7948.311135959726
Selection 6,6262.488928454239,7944.981817322877
Selection 6,6262.488928454239,7944.981817322877
Selection 6,6279.492678022099,7943.1929296971075
Selection 6,6303.15817057134,7937.667875727934
Selection 6,6366.086019657,7930.9160672237285
Selection 6,6417.671824282053,7930.291819979319
Selection 6,6432.427041486967,7932.040333405201
Selection 6,6448.999097686803,7934.313711429617
Selection 6,6468.198582586989,7937.546753128273
Selection 6,6481.556231334271,7941.438204855858
Selection 6,6494.491503836579,7946.3762800728255
Selection 6,6522.737915219171,7959.705977450954
Selection 6,6541.4249583515575,7972.0977511086285
Selection 6,6556.245395417827,7984.651021565851
Selection 6,6570.547179300932,8003.1858850217395
Selection 6,6580.395378365715,8028.193043290308
Selection 6,6582.044509145721,8054.162970940801
Selection 6,6579.156200999948,8077.6017468291375
Selection 6,6562.46302220045,8100.779643272049
Selection 6,6544.154875405466,8114.382642926337
Selection 6,6532.940164959887,8121.457445029641
Selection 6,6514.697238026259,8134.734345377148
Selection 6,6490.963419907978,8149.908833119353
Selection 6,6470.08374715095,8159.114150693626
Selection 6,6443.085830257177,8167.387755962809
Selection 6,6365.666749119711,8167.657952531284
Selection 6,6348.405225814109,8167.710749561905
Selection 6,6330.9263029706535,8166.912582687213
Selection 6,6316.242517042463,8164.173348510254
Selection 6,6302.732688618684,8161.7571079323925
Selection 6,6287.542672338061,8159.347078769897
Selection 6,6273.927249853038,8155.899743241071
Selection 6,6261.80567276384,8152.0890399132595
Selection 6,6243.92921933688,8141.200428774461
Selection 6,6235.64940265233,8126.457634400282
Selection 6,6231.78900800158,8114.97583309391
Selection 6,6229.819989330161,8100.1025989970185
Selection 6,6225.881951987321,8083.772787996505
Selection 6,6223.546459809233,8066.706924274972
Selection 6,6222.916001149457,8043.476230801439
Selection 6,6220.096018572724,8023.5655388417035
Selection 6,6219.5463083127215,8010.906674323237
Selection 6,6224.8353284979385,7994.182438446903
Selection 6,6231.81385366305,7979.806117579393
Selection 6,6248.699586338932,7948.311135959726
Selection 7,5529.719326483123,6651.02529284089
Selection 7,5538.106911215365,6657.10174741471
Selection 7,5554.393021301753,6669.00363493466
Selection 7,5559.517324873978,6695.222411151335
Selection 7,5560.041007924856,6727.8335829559965
Selection 7,5563.105202966357,6746.915554619799
Selection 7,5583.671664600829,6812.553382302547
Selection 7,5599.620193877561,6833.1761074052965
Selection 7,5628.678111262632,6862.7403960048505
Selection 7,5651.746133255842,6876.1181175772745
Selection 7,5693.082470602402,6898.744687742473
Selection 7,5709.225758038552,6908.46095591785
Selection 7,5744.13074816524,6937.1293569840855
Selection 7,5779.76283542042,6971.372169368754
Selection 7,5808.154247104373,6998.802774132914
Selection 7,5843.297274981461,7021.771253066868
Selection 7,5863.7036021293015,7044.666156696154
Selection 7,5875.060166802882,7067.924608889684
Selection 7,5917.145241073425,7101.998630869525
Selection 7,6006.457005023126,7172.5530200877865
Selection 7,6025.534648727831,7206.865079818025
Selection 7,6028.38677377352,7234.07495866818
Selection 7,6035.285540575993,7251.036230373883
Selection 7,6040.790704548856,7269.395432868292
Selection 7,6038.414655003965,7292.658213020922
Selection 7,6024.920078535892,7352.899075708258
Selection 7,6028.179031736809,7381.312127187703
Selection 7,6028.971048251772,7406.643671789253
Selection 7,6024.054486716259,7435.905003251936
Selection 7,6013.896766712869,7457.142298546624
Selection 7,5980.047798606133,7458.479637907957
Selection 7,5953.032677915396,7447.300519557401
Selection 7,5937.594847812246,7430.036290714827
Selection 7,5937.452025162007,7429.157715017899
Selection 7,5930.535946523142,7410.642705995955
Selection 7,5929.826161231043,7385.986323013718
Selection 7,5935.210142349159,7354.435501188107
Selection 7,5938.092563108536,7328.813983326979
Selection 7,5933.799227683157,7311.999862230613
Selection 7,5928.726859620109,7293.865713609309
Selection 7,5922.005539140661,7276.8871300672145
Selection 7,5912.6311797340395,7260.34999835313
Selection 7,5902.062303616324,7238.29471878889
Selection 7,5891.242405870916,7219.822989357928
Selection 7,5871.312154223873,7199.823490365315
Selection 7,5853.983005994826,7181.875443985231
Selection 7,5835.247271058876,7163.308499454109
Selection 7,5818.021993848186,7147.489808950321
Selection 7,5798.35574770613,7131.311897841386
Selection 7,5774.7986663348265,7119.591784603559
Selection 7,5751.206961290738,7113.831271043904
Selection 7,5728.234154397685,7099.999113766174
Selection 7,5704.997341999646,7090.313141304484
Selection 7,5675.632139518607,7075.351386702132
Selection 7,5650.581912258437,7066.617565242039
Selection 7,5610.530978764033,7060.619013931983
Selection 7,5610.427107745676,7060.619013931983
Selection 7,5591.881803010046,7058.221324591601
Selection 7,5561.945309928048,7053.386994278953
Selection 7,5544.694064962769,7049.881347409441
Selection 7,5519.604886070715,7044.029946708723
Selection 7,5499.709258096458,7042.238171642084
Selection 7,5476.117553052369,7042.57575245174
Selection 7,5450.09786295421,7051.738041862552
Selection 7,5428.661481541006,7066.6305491193325
Selection 7,5410.375854351265,7066.747404014984
Selection 7,5385.2650356637205,7062.345869612151
Selection 7,5371.086641658137,7041.355267986058
Selection 7,5380.690382896962,7009.306730864158
Selection 7,5400.469155975569,6990.345942055103
Selection 7,5416.417685252301,6971.882868542338
Selection 7,5421.503037192643,6952.502267700762
Selection 7,5418.0709656277995,6935.82231333644
Selection 7,5425.255377730751,6916.865852486484
Selection 7,5431.189009654334,6897.493907563104
Selection 7,5441.788181485736,6869.868544639527
Selection 7,5462.017062310551,6839.027508106014
Selection 7,5462.661928216178,6815.786367748876
Selection 7,5461.415475995907,6795.332433050954
Selection 7,5465.903569580702,6777.7479352351165
Selection 7,5469.140882986128,6759.280533763253
Selection 7,5472.945159033415,6735.879258919483
Selection 7,5469.898275828307,6710.03268718525
Selection 7,5471.408733553567,6691.742732036411
Selection 7,5486.6950850882795,6678.875709637571
Selection 7,5506.270444089274,6662.472744655532
Selection 7,5529.719326483123,6651.02529284089
Selection 8,6347.096572826292,7841.475488156008
Selection 8,6392.505160357024,7829.127583766105
Selection 8,6411.31078865767,7823.360115380265
Selection 8,6439.473214073645,7814.933884972579
Selection 8,6465.350126751613,7810.96108095148
Selection 8,6488.281949190003,7805.5975398728015
Selection 8,6512.527813627648,7807.929069645802
Selection 8,6541.3856075724125,7807.898391622473
Selection 8,6565.478081893414,7797.140631441788
Selection 8,6573.505497997822,7772.59821277863
Selection 8,6567.23695523094,7743.162649394503
Selection 8,6575.489343506428,7701.368955612697
Selection 8,6589.345584043336,7676.013569331323
Selection 8,6609.414124304357,7667.168072604808
Selection 8,6660.666875279255,7659.7900079941965
Selection 8,6691.999363105887,7661.814757533908
Selection 8,6732.611952989527,7679.219422769198
Selection 8,6763.458705446786,7711.369991217935
Selection 8,6776.921244684306,7779.209326806017
Selection 8,6742.57208456366,7869.566331517548
Selection 8,6691.3346726004265,7906.543575636709
Selection 8,6659.746534579385,7916.999668587991
Selection 8,6589.008125786718,7923.917562848669
Selection 8,6520.560342735945,7930.3803997633
Selection 8,6498.318775822458,7930.855909124901
Selection 8,6472.835564443877,7930.7894400743535
Selection 8,6443.742572320257,7929.490737086761
Selection 8,6421.316937266794,7927.189885337091
Selection 8,6398.635652018926,7922.2814016044595
Selection 8,6370.427209567957,7896.578331058688
Selection 8,6348.5793439538575,7861.779226595884
Selection 8,6342.8936836302255,7851.440732734029
Selection 8,6347.096572826292,7841.475488156008
Selection 9,5166.118040009017,6085.77558286693
Selection 9,5150.541780053761,6093.446067376619
Selection 9,5142.562802983695,6097.320524787443
Selection 9,5118.238948901166,6109.362192017036
Selection 9,5092.953016325259,6115.631388286372
Selection 9,5066.621346256554,6123.91362922935
Selection 9,5047.662125512088,6134.512178718878
Selection 9,5028.92250964111,6148.593034059431
Selection 9,5018.872972335302,6171.311681090512
Selection 9,5010.951510827341,6191.274809828066
Selection 9,4995.678514744996,6223.426009044205
Selection 9,4981.524457779948,6249.558988989279
Selection 9,4970.606958355114,6273.673695573249
Selection 9,4960.180955551898,6302.217100439227
Selection 9,4953.660782284289,6327.356629766141
Selection 9,4949.702665874041,6356.428132065984
Selection 9,4947.76805151236,6385.353231116834
Selection 9,4949.3471151264885,6416.641696901413
Selection 9,4953.237258599705,6447.3184062527025
Selection 9,4952.740533290625,6469.3834673507845
Selection 9,4945.44128559088,6493.984441868906
Selection 9,4917.56192403283,6499.631424330027
Selection 9,4878.263109053403,6492.661583940514
Selection 9,4850.807271179937,6470.2200573450245
Selection 9,4833.32254030032,6453.598059896967
Selection 9,4825.578854166135,6431.553913548741
Selection 9,4822.284781063815,6401.436673756099
Selection 9,4821.150155884126,6363.126080707368
Selection 9,4821.70439675531,6336.297685329581
Selection 9,4826.164467162103,6310.196077509292
Selection 9,4842.148564739552,6246.908044445031
Selection 9,4853.630762410497,6198.568828840346
Selection 9,4880.919282285115,6114.606565543429
Selection 9,4904.620922559428,6058.659609678623
Selection 9,4930.3356075073825,6024.50059447631
Selection 9,5016.9749587858705,5966.054326003712
Selection 9,5094.500707814604,5932.2822336737345
Selection 9,5162.248811285657,5912.904717932148
Selection 9,5229.228297699502,5907.984523028525
Selection 9,5261.2487797290405,5907.383223970164
Selection 9,5303.3553998766365,5914.917762605789
Selection 9,5332.6203636126465,5926.311072589846
Selection 9,5381.947801148026,5950.284604612288
Selection 9,5437.800640638478,5979.847603533745
Selection 9,5496.341025485427,6025.190781221558
Selection 9,5540.324744432599,6084.499783125714
Selection 9,5568.303451052465,6141.591821545135
Selection 9,5597.432468914411,6197.711324096251
Selection 9,5618.687083455573,6241.229689859126
Selection 9,5625.118369036293,6279.310220659441
Selection 9,5632.313042986758,6308.648386019947
Selection 9,5639.795294747742,6339.999596054094
Selection 9,5643.220085036663,6374.540305441281
Selection 9,5648.0252488160795,6397.865480218186
Selection 9,5657.2015953154,6423.7422544775245
Selection 9,5667.062899872505,6455.349670197407
Selection 9,5674.539922946025,6479.213399783105
Selection 9,5686.0325779918985,6505.707159163195
Selection 9,5689.771089528658,6530.62708361662
Selection 9,5688.385487350698,6558.391414050463
Selection 9,5683.972475131082,6579.619885154305
Selection 9,5680.265335719106,6606.427365782235
Selection 9,5669.509925605657,6628.398310505965
Selection 9,5658.330991807624,6651.268589473502
Selection 9,5646.305010640423,6676.251258176496
Selection 9,5638.216231133615,6699.963355825738
Selection 9,5616.653124032077,6708.601147516267
Selection 9,5592.439072386292,6708.459972954739
Selection 9,5577.819662236946,6689.840616895433
Selection 9,5558.191169497088,6659.843636914464
Selection 9,5538.881626692535,6648.852935865135
Selection 9,5518.6884357065655,6634.379928964781
Selection 9,5504.455948429556,6614.751436224924
Selection 9,5499.656013337604,6594.516415739242
Selection 9,5494.390725061355,6569.763809284664
Selection 9,5480.8065950298815,6544.399446396798
Selection 9,5472.702129460682,6525.5500280890765
Selection 9,5462.2133824078965,6499.312474394722
Selection 9,5443.275076413287,6476.562455238857
Selection 9,5407.667714783444,6439.417859494598
Selection 9,5387.835303232491,6401.734708941547
Selection 9,5384.4471137558185,6368.495942732896
Selection 9,5388.211768729899,6346.315850510607
Selection 9,5394.4861936867,6327.131796205189
Selection 9,5400.7763047058925,6297.192331786323
Selection 9,5395.965912239011,6277.030512925137
Selection 9,5386.141208494155,6251.383800914215
Selection 9,5377.388385679418,6230.82983049323
Selection 9,5365.289202887721,6207.834063026556
Selection 9,5351.04102954832,6190.715340269418
Selection 9,5332.996829110055,6168.686879983585
Selection 9,5312.835010248869,6150.731567232207
Selection 9,5292.751621699644,6135.139621214557
Selection 9,5272.757120837306,6120.049629193453
Selection 9,5254.650176149472,6107.793585777836
Selection 9,5232.951123173871,6096.792427353578
Selection 9,5212.935707561677,6090.45525814721
Selection 9,5191.952984768644,6087.401704668235
Selection 9,5166.118040009017,6085.77558286693
Selection 10,4325.417033835707,6619.830573821559
Selection 10,4328.478180796509,6602.730666771081
Selection 10,4321.012383486554,6602.424552075
Selection 10,4339.549328971409,6598.959503779092
Selection 10,4402.75776211896,6591.8933562112425
Selection 10,4462.917803084713,6621.203838360918
Selection 10,4506.454115416114,6644.953236865137
Selection 10,4547.545761771874,6667.359131981004
Selection 10,4601.26038774794,6699.216318338346
Selection 10,4657.611001384696,6748.364733431216
Selection 10,4683.945368433592,6801.152512133039
Selection 10,4689.119557115947,6822.8781523687285
Selection 10,4683.800814271554,6840.084349244234
Selection 10,4667.814824587368,6854.65881005205
Selection 10,4650.553357002847,6865.457856274878
Selection 10,4633.823338543467,6874.947411853363
Selection 10,4614.9632719905285,6893.037940073101
Selection 10,4588.913761672707,6913.254264793394
Selection 10,4570.372564594852,6924.112833318237
Selection 10,4544.7014460541295,6929.673916963694
Selection 10,4527.5632746666415,6932.386433298404
Selection 10,4484.626436948398,6930.443455296896
Selection 10,4462.956067421724,6924.027801458215
Selection 10,4447.1316382715795,6916.37068246321
Selection 10,4427.46376904843,6902.123594316479
Selection 10,4406.941329632056,6883.352811216564
Selection 10,4388.412887333204,6873.795230150061
Selection 10,4368.596212355014,6862.247903559038
Selection 10,4339.770411807466,6847.533140182185
Selection 10,4321.798928191761,6833.745224079574
Selection 10,4302.428670478688,6814.162386716446
Selection 10,4279.023651007559,6796.212161065745
Selection 10,4274.759303227443,6773.640453822835
Selection 10,4285.035403511133,6754.661342665865
Selection 10,4290.10330236846,6728.773392882086
Selection 10,4295.966249116996,6704.105650289626
Selection 10,4303.699896786021,6672.835183766438
Selection 10,4307.866457927112,6653.294862333321
Selection 10,4325.417033835707,6619.830573821559
Selection 12,4686.099786796609,6893.458334319834
Selection 12,4699.911240851547,6923.06415074469
Selection 12,4704.206266197898,6959.659910380277
Selection 12,4682.164594233284,6987.818739656363
Selection 12,4644.642456581817,6995.053675400219
Selection 12,4609.861172894689,6970.4089577711475
Selection 12,4616.828148055439,6928.009937507157
Selection 12,4639.489957369526,6904.835175076838
Selection 12,4659.686529319041,6898.488337265561
Selection 12,4686.099786796609,6893.458334319834
Selection 14,5691.5760050504505,6716.934886033667
Selection 14,5698.271588473988,6738.593048740417
Selection 14,5698.322830183863,6739.266023196762
Selection 14,5700.36566635084,6754.515556055269
Selection 14,5710.169913506735,6781.687326744463
Selection 14,5724.182813100281,6792.868267838972
Selection 14,5738.103477616055,6797.681572453138
Selection 14,5759.703566384947,6807.670289764579
Selection 14,5782.629107382581,6818.157759718793
Selection 14,5804.36925682513,6823.497145887666
Selection 14,5828.370873730118,6828.5188334553195
Selection 14,5864.434789139448,6832.963197758392
Selection 14,5887.124618271661,6841.735778488824
Selection 14,5901.082860041342,6853.634103521569
Selection 14,5911.266295850305,6867.110673218435
Selection 14,5917.7842413462795,6880.915189858494
Selection 14,5926.071733889904,6903.215581995665
Selection 14,5935.2337516153775,6930.523997244522
Selection 14,5942.9405047804285,6970.752155609615
Selection 14,5948.747898566151,7016.87652672421
Selection 14,5945.594825351903,7040.307652592601
Selection 14,5925.098141402297,7058.242251048507
Selection 14,5903.426314239581,7055.45811814535
Selection 14,5887.1382827276275,7041.82099109088
Selection 14,5875.779703705555,7028.098461186619
Selection 14,5869.412067225211,7015.961008174461
Selection 14,5853.154780739183,6994.695698576745
Selection 14,5843.729722236356,6984.614746187531
Selection 14,5828.285470880327,6971.476371775834
Selection 14,5808.902440091984,6954.809151610813
Selection 14,5793.553839927721,6940.898735437015
Selection 14,5774.731051834,6927.432414082124
Selection 14,5754.217287314436,6915.896197132488
Selection 14,5729.402635279447,6902.911547850413
Selection 14,5694.8110650004965,6885.854890690349
Selection 14,5680.316493334134,6879.541912033871
Selection 14,5657.694986481753,6872.764341874535
Selection 14,5639.10449413946,6861.562904096075
Selection 14,5629.016709522263,6849.182906990513
Selection 14,5623.260557446416,6831.67873889755
Selection 14,5620.742881434606,6818.1748402887515
Selection 14,5618.184212054897,6802.221587947975
Selection 14,5616.670873556618,6786.258087265224
Selection 14,5617.302854645064,6771.616622697224
Selection 14,5620.68822361074,6755.246604449471
Selection 14,5627.284739728521,6741.049234700378
Selection 14,5636.71321434534,6719.449145931486
Selection 14,5652.673298914099,6714.311310488118
Selection 14,5667.020977678823,6716.145763701607
Selection 14,5691.5760050504505,6716.934886033667
Selection 15,5729.443628647346,6455.62607847414
Selection 15,5725.925031235997,6426.319236540195
Selection 15,5725.231560095702,6423.890379492166
Selection 15,5712.363058689341,6386.1935615948505
Selection 15,5744.498443008331,6354.433949814937
Selection 15,5764.455380947264,6305.5971841910105
Selection 15,5778.048098519844,6286.712906045441
Selection 15,5806.145636100761,6271.682004482397
Selection 15,5823.376515074397,6268.563092408064
Selection 15,5840.877267053367,6269.164328470587
Selection 15,5861.7223946301165,6272.197837695128
Selection 15,5876.684973913329,6271.077352305883
Selection 15,5895.190063405831,6269.878296294832
Selection 15,5913.4184476650125,6268.023346397392
Selection 15,5929.4844317675115,6263.093893907511
Selection 15,5961.725715620241,6256.3948943699825
Selection 15,5980.15906671892,6248.872611360478
Selection 15,6003.385225747814,6237.3466427528165
Selection 15,6024.701777055405,6237.356891094791
Selection 15,6060.031227956541,6241.644114154249
Selection 15,6119.864464519431,6256.043034628848
Selection 15,6141.406479350466,6262.123717533897
Selection 15,6185.228389634723,6269.3214697142
Selection 15,6235.680977176677,6272.727335363827
Selection 15,6259.610855687841,6272.826402669582
Selection 15,6290.810224773132,6272.710254793868
Selection 15,6316.325180176399,6273.150933498785
Selection 15,6338.577746717688,6276.819839925764
Selection 15,6360.550191911664,6282.637482053461
Selection 15,6377.849393165132,6290.754168897504
Selection 15,6397.8439083579715,6315.1964645074095
Selection 15,6411.55960603425,6329.253773582846
Selection 15,6435.335759415792,6356.459705411957
Selection 15,6453.683707664681,6389.2646480733
Selection 15,6453.352344607495,6389.736071804141
Selection 15,6472.9676711472675,6397.019226834234
Selection 15,6494.31155136679,6426.589109545532
Selection 15,6504.409584325963,6443.447632094082
Selection 15,6508.126316348825,6465.064801432933
Selection 15,6514.992705471942,6489.677902742417
Selection 15,6522.47741122754,6520.556157112497
Selection 15,6523.515909880986,6546.050615831816
Selection 15,6519.737687806276,6568.952244031508
Selection 15,6516.656352985851,6586.234364715016
Selection 15,6515.317236301144,6602.8195981442395
Selection 15,6510.2101458837005,6619.732778516655
Selection 15,6493.959691625654,6639.378850082352
Selection 15,6480.78373996005,6648.575028947742
Selection 15,6466.524880159109,6657.146058952669
Selection 15,6453.765694400478,6662.369297245827
Selection 15,6440.989428071891,6670.59188362361
Selection 15,6444.798395172526,6695.290387782884
Selection 15,6431.294496563728,6707.096477737858
Selection 15,6413.404307589714,6724.1360543279625
Selection 15,6402.923669863483,6741.226872627942
Selection 15,6386.434087626025,6760.862695851664
Selection 15,6363.450472690533,6775.62030829538
Selection 15,6337.662228167938,6787.269257006738
Selection 15,6323.915785465737,6793.134724730317
Selection 15,6310.07369157177,6798.422869189316
Selection 15,6294.684098039607,6806.129622354367
Selection 15,6261.527295637129,6836.727755377137
Selection 15,6260.615193201372,6851.659589634424
Selection 15,6248.638297546819,6874.943822601177
Selection 15,6234.007081320792,6885.304896337701
Selection 15,6205.082844153907,6900.790141061629
Selection 15,6186.680238081153,6910.601220445506
Selection 15,6165.773620452555,6926.797016879686
Selection 15,6150.4625975422005,6946.497746269249
Selection 15,6138.830729400799,6958.232097830398
Selection 15,6124.817829807253,6969.594092966462
Selection 15,6093.577467354062,6985.086169918372
Selection 15,6071.065276149412,6989.17867448031
Selection 15,6056.157354690065,6990.063448004134
Selection 15,6037.204754264664,6990.37089826338
Selection 15,6021.196844100022,6988.683337951528
Selection 15,6006.206935904876,6980.734040693073
Selection 15,5996.143064085621,6971.131344262683
Selection 15,5986.236333509978,6957.248257000817
Selection 15,5974.925580083787,6936.433874449993
Selection 15,5969.138682982015,6919.0765992586685
Selection 15,5961.332862511207,6894.108222094057
Selection 15,5957.366754166958,6872.046957936299
Selection 15,5955.631368259225,6852.486289220392
Selection 15,5956.218939865781,6836.321237812136
Selection 15,5959.351516396079,6821.570457596404
Selection 15,5962.412354532554,6808.432083184706
Selection 15,5976.8146911211425,6789.02172348443
Selection 15,5991.210195481749,6777.0824050837855
Selection 15,6006.637366267819,6759.161471083847
Selection 15,6009.513734248746,6736.013882676759
Selection 15,6006.9755615529875,6723.053146192625
Selection 15,6004.290495955589,6705.637797063444
Selection 15,6000.9905298397025,6684.8917367924505
Selection 15,5997.892114449321,6667.90340191222
Selection 15,5993.119803203054,6647.5365302942955
Selection 15,5987.43538952103,6628.570265412927
Selection 15,5981.942278222536,6612.1455893413095
Selection 15,5978.041076044127,6599.277087934949
Selection 15,5973.873416974374,6582.117947355137
Selection 15,5963.358618108226,6558.809801590445
Selection 15,5945.140482191019,6544.820814794839
Selection 15,5927.301534926879,6539.621489299623
Selection 15,5905.557969370339,6531.983058414402
Selection 15,5900.105851439745,6515.940987109844
Selection 15,5895.442855841209,6502.4063434751215
Selection 15,5882.625596144722,6492.304894401958
Selection 15,5866.9592973792405,6486.716131911699
Selection 15,5849.154511255017,6481.694444344045
Selection 15,5823.315025022547,6479.282667865975
Selection 15,5806.7946977591655,6481.923323981483
Selection 15,5796.064683711546,6493.278486889564
Selection 15,5781.1362655682515,6504.486756896007
Selection 15,5766.276169704787,6509.060933530761
Selection 15,5745.745324615265,6508.767147727483
Selection 15,5727.516940356083,6502.932425029829
Selection 15,5721.36451905721,6485.845022843841
Selection 15,5722.139976933303,6470.182140192351
Selection 15,5729.443628647346,6455.62607847414
Selection 16,6476.452630938186,6694.278041437346
Selection 16,6509.029040547062,6688.255981586852
Selection 16,6518.851565082786,6682.4085754443195
Selection 16,6578.925454473033,6679.865617456408
Selection 16,6631.391428344501,6688.395704553221
Selection 16,6745.726731724055,6716.955078878994
Selection 16,6776.451812028544,6741.0363321326495
Selection 16,6867.39050468965,6935.314130720087
Selection 16,6897.675457650078,7083.5811564822925
Selection 16,6898.702421452887,7164.208294225385
Selection 16,6890.458766437131,7220.907873977825
Selection 16,6854.815437716462,7345.359120122476
Selection 16,6799.918284230176,7462.628605795774
Selection 16,6712.975668407218,7565.464709043178
Selection 16,6625.80949583807,7591.921252725103
Selection 16,6578.080130526502,7575.301205875539
Selection 16,6571.114940653019,7543.143965165769
Selection 16,6555.23542552521,7520.047758825013
Selection 16,6531.964565476494,7496.029380906225
Selection 16,6505.249534306788,7477.592935493868
Selection 16,6464.597137241798,7463.830223306544
Selection 16,6432.977829952549,7465.031840817316
Selection 16,6400.450323381901,7470.788427031709
Selection 16,6378.038759576354,7494.520372869442
Selection 16,6366.33696114297,7524.288350854306
Selection 16,6352.727944218653,7554.447553145002
Selection 16,6341.885442028437,7582.49693864353
Selection 16,6331.531970220513,7617.783973799958
Selection 16,6318.258288415482,7649.459170275756
Selection 16,6293.380614253523,7668.692036596416
Selection 16,6276.7675535522785,7692.982874299623
Selection 16,6266.015871290204,7726.90062438564
Selection 16,6253.189302977551,7771.381430729134
Selection 16,6237.121161845144,7814.255422959386
Selection 16,6192.109408229449,7806.3401169145955
Selection 16,6156.088827499584,7777.773756440504
Selection 16,6130.966638146481,7753.273334287743
Selection 16,6112.963333929867,7731.630246797223
Selection 16,6096.755469831091,7704.964118665745
Selection 16,6089.74137691938,7678.626339505235
Selection 16,6082.161405993875,7648.138788243572
Selection 16,6081.923876951048,7613.389686507662
Selection 16,6086.178441276977,7575.503804176775
Selection 16,6084.01972144658,7547.230861932056
Selection 16,6087.917992208268,7513.655433113644
Selection 16,6088.532773260291,7450.34695705196
Selection 16,6067.958566462491,7421.9762087307845
Selection 16,6073.2470807395475,7385.690154364818
Selection 16,6073.128316218135,7338.072567426347
Selection 16,6072.534493611068,7249.544095935103
Selection 16,6076.188249181611,7204.525356171088
Selection 16,6082.846048529082,7164.152405038837
Selection 16,6092.968977442498,7135.837545904208
Selection 16,6100.255530138628,7107.683368180903
Selection 16,6102.470139155574,7062.7414760483925
Selection 16,6111.545145821225,7029.606174574043
Selection 16,6124.5254093968815,6987.395866434042
Selection 16,6158.114810511931,6965.026219518404
Selection 16,6190.768067752309,6930.8010789063765
Selection 16,6231.392520224025,6912.1061460062365
Selection 16,6262.040752897012,6899.2795776935845
Selection 16,6289.622066458204,6879.334124244445
Selection 16,6340.53711540298,6850.495303985933
Selection 16,6378.311219360772,6820.238295618779
Selection 16,6411.076254974246,6780.661765394829
Selection 16,6454.2576377305095,6725.967210209779
Selection 16,6476.452630938186,6694.278041437346
Selection 17,4346.129982762523,4274.008111650152
Selection 17,4426.4083079255315,4260.617355968323
Selection 17,4511.321258046406,4213.791091661899
Selection 17,4571.438964642705,4146.671790932826
Selection 17,4690.53227382783,4051.7943971525438
Selection 17,4830.448290859359,3938.279190148849
Selection 17,4940.537185840633,3854.789731979319
Selection 17,5058.190450842421,3776.0176599276156
Selection 17,5183.689473808594,3720.286294809295
Selection 17,5418.664959172323,3627.2793032441505
Selection 17,5606.615553445719,3556.4191980848013
Selection 17,5729.2675925092035,3483.2417804465204
Selection 17,5923.805975115565,3359.977308799317
Selection 17,6125.097668374815,3253.00023343261
Selection 17,6234.7727575562785,3232.624435849999
Selection 17,6450.713176128779,3241.248148718025
Selection 17,6561.563473781701,3367.5416788198318
Selection 17,6708.812129585852,3520.0704966295502
Selection 17,6795.479616297918,3591.046467412846
Selection 17,6891.714293101574,3672.599314439268
Selection 17,7005.643305905079,3723.778815759686
Selection 17,7081.005618166353,3781.893702284908
Selection 17,7218.587770486959,3900.076638710452
Selection 17,7289.828576982132,4029.316466106901
Selection 17,7328.37872529237,4121.1979058965635
Selection 17,7388.959894384456,4248.170077510059
Selection 17,7434.842681467314,4355.991316708377
Selection 17,7499.131550525692,4453.136366271615
Selection 17,7541.058354162372,4601.576782779217
Selection 17,7564.843911535412,4739.341009651737
Selection 17,7592.568900122637,4849.148516689141
Selection 17,7613.838518232837,4972.760585208184
Selection 17,7617.297934719242,5068.399381660115
Selection 17,7587.35494704504,5176.75029228219
Selection 17,7555.839497331562,5236.884551110481
Selection 17,7525.995823049313,5304.963881295112
Selection 17,7481.768259165691,5390.886517567521
Selection 17,7362.674949980566,5547.81822908721
Selection 17,7307.357390662056,5625.679928379333
Selection 17,7220.640247254013,5738.632359495286
Selection 17,7139.666728347324,5865.174173076979
Selection 17,7029.660594526012,6064.860299832968
Selection 17,6946.4359720683615,6205.256331592277
Selection 17,6872.248868278544,6310.0816167999765
Selection 17,6803.226060870349,6412.705455152689
Selection 17,6693.269583745014,6499.372941864755
Selection 17,6556.068132760233,6524.896483596995
Selection 17,6523.013325471465,6466.947119391696
Selection 17,6520.298759424715,6390.3764941949785
Selection 17,6494.212441804736,6326.633848792349
Selection 17,6385.92774011063,6271.812856433609
Selection 17,6315.613858607028,6262.196009646041
Selection 17,6245.597917279291,6238.542870128939
Selection 17,6175.681289343507,6222.056847064536
Selection 17,6089.543474055197,6210.635806989799
Selection 17,6000.012451208451,6220.666459577177
Selection 17,5925.72603402668,6258.720040927643
Selection 17,5847.864334734557,6257.09792219239
Selection 17,5776.954572879232,6250.990148587204
Selection 17,5716.439612715115,6203.8659441049185
Selection 17,5638.412391103068,6144.542744644253
Selection 17,5584.187279096053,6091.459736644712
Selection 17,5502.435805285723,6010.072411938214
Selection 17,5452.746004844619,5962.584058352096
Selection 17,5379.204438102505,5907.084424481668
Selection 17,5320.477118993565,5870.570200706494
Selection 17,5243.85683710087,5821.09557928129
Selection 17,5124.084886404058,5788.735965736201
Selection 17,5019.8223770841005,5795.42306746112
Selection 17,4950.435420572073,5804.824735232787
Selection 17,4853.008983064964,5863.072039613949
Selection 17,4763.891766018027,5961.64058112853
Selection 17,4715.344069584397,6082.306352352931
Selection 17,4642.083890786153,6226.741128718378
Selection 17,4567.118832092696,6352.753270876315
Selection 17,4497.748427812659,6442.863621842794
Selection 17,4456.8975192554835,6498.56188249713
Selection 17,4373.060464214113,6562.056244419872
Selection 17,4301.1244639752595,6563.049378339415
Selection 17,4255.076154572478,6517.150039024565
Selection 17,4238.838414987959,6442.300845955053
Selection 17,4226.9870168814205,6352.4387784684595
Selection 17,4214.837678599019,6280.618643853552
Selection 17,4187.741674827504,6199.876856194756
Selection 17,4135.022815931796,6135.5714349043865
Selection 17,4084.919209690882,6073.401251541033
Selection 17,4085.630955666554,5988.802793828014
Selection 17,4064.526859876278,5918.091658756597
Selection 17,4051.3016265143724,5838.922333137076
Selection 17,4035.345274873725,5773.061002039423
Selection 17,3998.797946634565,5707.497611117633
Selection 17,3952.898607319714,5630.595941281068
Selection 17,3919.198262983243,5575.311486426542
Selection 17,3873.050640188507,5525.307193577582
Selection 17,3853.717633221415,5461.630757102923
Selection 17,3843.1573092102813,5382.130386843555
Selection 17,3841.3531159231125,5291.374498829373
Selection 17,3866.8932098873433,5223.295168644743
Selection 17,3869.9553728059327,5095.4291765036605
Selection 17,3863.38413670496,4988.435548904961
Selection 17,3848.553336839794,4910.408327292914
Selection 17,3773.356546898443,4777.543561090135
Selection 17,3756.787762674078,4662.522100975134
Selection 17,3773.9855317141537,4531.676707075424
Selection 17,3855.4225131166295,4463.067705467039
Selection 17,3986.7313695121256,4394.7897484985
Selection 17,4075.5671986151915,4356.769271612018
Selection 17,4204.773921547656,4319.195704989331
Selection 17,4346.129982762523,4274.008111650152
Selection 18,4008.3691737634904,333.31555186359327
Selection 18,4002.1238628064457,331.46616520809624
Selection 18,4161.122701915952,324.31068490227284
Selection 18,4289.195148472281,320.90239117067637
Selection 18,4472.51681103,329.7910663002378
Selection 18,4693.223195456169,433.32767105012925
Selection 18,5008.713066639722,581.6852749010446
Selection 18,5603.324765666266,783.8106488984249
Selection 18,5850.503522428187,919.2128635082147
Selection 18,5914.999671707064,963.375442229271
Selection 18,5969.164430612038,1053.4337944951217
Selection 18,5987.987507356993,1112.3914664601539
Selection 18,5983.059037159883,1173.663292407719
Selection 18,5939.642022692613,1263.6538661050436
Selection 18,5904.50367623817,1292.9923036241844
Selection 18,5863.623516764305,1310.004724324227
Selection 18,5820.864922677003,1304.3791031365636
Selection 18,5775.705030733349,1289.0901946076121
Selection 18,5724.783960464979,1280.308028657163
Selection 18,5685.937158046896,1271.9615820758102
Selection 18,5644.427626151002,1262.3854386083415
Selection 18,5604.806211521192,1250.2046615789425
Selection 18,5561.873329686252,1230.3068103902183
Selection 18,5516.4713714264335,1203.427766643309
Selection 18,5482.4077994157615,1183.481502191352
Selection 18,5437.974106420601,1164.019370371724
Selection 18,5388.263367733053,1144.7121609944415
Selection 18,5326.50740915316,1128.0192678317358
Selection 18,5265.923051543501,1094.2558580531074
Selection 18,5215.0213465804245,1072.1890926715494
Selection 18,5169.309543435916,1061.7996063817677
Selection 18,5121.26422100358,1051.3617068287533
Selection 18,5086.697151055286,1038.6580665564388
Selection 18,5017.195070358127,1010.5299606181209
Selection 18,4977.389685328031,1001.6412854885594
Selection 18,4847.00308478917,958.7277689589121
Selection 18,4761.147003771936,954.2156528256053
Selection 18,4645.400574034707,940.2435850565888
Selection 18,4434.434938170997,923.8411714732805
Selection 18,4340.309871793583,912.686755624419
Selection 18,4291.0735830857175,903.3139478625285
Selection 18,4224.243914519015,882.6027538514915
Selection 18,4183.770426456306,873.6559828060507
Selection 18,4153.2797532722225,843.6203942963562
Selection 18,4153.812299167785,802.9726184860087
Selection 18,4069.8346527639865,762.7315140868178
Selection 18,4025.3234985476533,753.3490236722807
Selection 18,3982.012993259496,743.656688373053
Selection 18,3944.8219244439783,714.5893651280168
Selection 18,3927.325371111606,674.9582678455604
Selection 18,3916.7228664636,629.4110697960429
Selection 18,3915.1639593875007,592.0360305802399
Selection 18,3928.8842781877065,526.2424058467213
Selection 18,3948.7918120290765,446.534809260066
Selection 18,3964.894063380341,402.60461420252756
Selection 18,4008.3691737634904,333.31555186359327
Selection 20,5920.349094861178,1310.0159540767495
Selection 20,5943.9243452491355,1307.4966817957722
Selection 20,5947.992930660245,1307.9869043936317
Selection 20,5963.061377144175,1308.000011949724
Selection 20,6010.809582477908,1319.3773706380077
Selection 20,6080.809175034257,1347.0579075941343
Selection 20,6149.524227093542,1412.9731856720628
Selection 20,6162.385361131496,1464.711331080351
Selection 20,6163.953024840159,1528.1597671016723
Selection 20,6151.178400672415,1562.1896042290025
Selection 20,6134.5685055920085,1574.274770946281
Selection 20,6111.834760305189,1573.8631936849765
Selection 20,6088.629142999039,1566.2634326625493
Selection 20,6071.32454744573,1560.5118370491634
Selection 20,6060.526542736734,1557.953242099909
Selection 20,6049.626299090217,1551.2657669815187
Selection 20,6036.10716573642,1539.2330304886102
Selection 20,6033.548570787166,1526.2434424009498
Selection 20,6040.233424394337,1515.5135969836351
Selection 20,6042.128777005311,1501.9813560737455
Selection 20,6039.793010509628,1491.0680048711358
Selection 20,6023.749361852418,1482.2911853116025
Selection 20,6010.555295889713,1477.3496366647325
Selection 20,5993.455178211448,1472.0935066716431
Selection 20,5982.526097941527,1475.006005635395
Selection 20,5971.615368250136,1477.3391506198586
Selection 20,5960.044017731683,1477.1504018121268
Selection 20,5949.319415336805,1474.5000539702246
Selection 20,5939.276405858738,1469.3068402463791
Selection 20,5927.241047854611,1462.991619721016
Selection 20,5919.604585675124,1450.4109873834414
Selection 20,5908.906198392431,1440.8896586378544
Selection 20,5898.692790685161,1436.108022175313
Selection 20,5888.977470109405,1429.5647301739405
Selection 20,5871.471018192272,1413.5420536064769
Selection 20,5865.016857572328,1401.616799073527
Selection 20,5863.320739813959,1391.3535826531051
Selection 20,5862.966835799462,1379.8320408478037
Selection 20,5867.2398990856145,1360.3778060953257
Selection 20,5867.331651978262,1348.9244235817055
Selection 20,5875.972152954434,1331.3052466821764
Selection 20,5896.045064354477,1318.5463515817437
Selection 20,5920.349094861178,1310.0159540767495
Selection 21,6265.562131792495,1589.099883802777
Selection 21,6294.611413214733,1590.5784812236534
Selection 21,6305.924402783764,1591.4862712680983
Selection 21,6326.232766429567,1598.0196087091795
Selection 21,6355.839100833625,1628.0523293462338
Selection 21,6366.625984808716,1662.5105264499578
Selection 21,6337.2912996982595,1683.4894168331348
Selection 21,6314.008548217439,1685.3015583233714
Selection 21,6289.343480078031,1685.6763655765703
Selection 21,6267.841922699567,1679.4043616331326
Selection 21,6261.666199518419,1666.544002670162
Selection 21,6260.809988453771,1652.4870113758777
Selection 21,6260.510830370943,1628.736610478221
Selection 21,6261.673076715725,1603.7242438748394
Selection 21,6265.562131792495,1589.099883802777
Selection 22,8196.805354137015,3058.718339939285
Selection 22,8261.39254390014,3032.693777596454
Selection 22,8291.95082054779,3048.2960082040704
Selection 22,8340.508464102155,3092.476272429646
Selection 22,8363.104079304101,3133.9258857405953
Selection 22,8409.608523506631,3254.574797907442
Selection 22,8415.330383629263,3407.5537831169254
Selection 22,8437.998955153354,3577.0104747997834
Selection 22,8483.502855509305,3708.3214323317547
Selection 22,8585.860575480849,4171.354364332144
Selection 22,8602.098568324313,4576.428709553003
Selection 22,8525.82794468601,4946.150505528014
Selection 22,8330.690627607584,5140.672905034063
Selection 22,8013.778786534906,5213.608382517096
Selection 22,7770.469452176317,5183.341931158033
Selection 22,7703.4121697919445,5144.153963833624
Selection 22,7678.054636680167,5080.317181955434
Selection 22,7681.785831441373,5030.717305227547
Selection 22,7718.972711072621,4974.770228472913
Selection 22,7770.073403570378,4955.739050724411
Selection 22,7830.29363633645,4929.651954391169
Selection 22,7885.459038210942,4892.569298077274
Selection 22,7932.171929048176,4849.337466039603
Selection 22,8001.918173020233,4736.505302674167
Selection 22,8091.143755005407,4597.14830504261
Selection 22,8155.38700782127,4459.052409551014
Selection 22,8196.398883199341,4268.67809807558
Selection 22,8196.669863824458,4121.066613709732
Selection 22,8192.19868351005,4008.265717339502
Selection 22,8202.819039548234,3813.9413421364216
Selection 22,8228.603888261156,3622.0349478959115
Selection 22,8222.110775590118,3451.8174259963826
Selection 22,8189.488877258894,3251.6878120167876
Selection 22,8196.805354137015,3058.718339939285
Selection 23,3482.881009025989,3863.89045556073
Selection 23,3486.3719243648043,3839.273483602536
Selection 23,3474.5991133256293,3806.5431428913726
Selection 23,3522.6654062493785,3689.958608214057
Selection 23,3626.0205755564957,3587.3256972529025
Selection 23,3799.868159429473,3466.6363276427046
Selection 23,3952.782288908661,3381.5061439320207
Selection 23,4040.0792476572296,3364.3886211327294
Selection 23,4114.182953952899,3345.3811889948374
Selection 23,4283.552536080913,3321.4503624653066
Selection 23,4384.27146242527,3321.7513034427907
Selection 23,4541.2904268373395,3320.4873513373577
Selection 23,4656.490633018228,3323.123594300118
Selection 23,4779.5995680873975,3342.275478107202
Selection 23,4907.668010465503,3333.7046790684567
Selection 23,5044.836908002727,3326.5543214434365
Selection 23,5187.85609814224,3333.8130178203514
Selection 23,5315.238395091683,3379.050465555751
Selection 23,5350.54479057011,3460.087851972652
Selection 23,5329.6955996500155,3525.2235171392963
Selection 23,5286.336023614116,3566.3079793854176
Selection 23,5204.925470385135,3617.853150008882
Selection 23,5148.83007218211,3642.1330680722945
Selection 23,5066.829674637261,3659.5515318490707
Selection 23,4990.173988852527,3660.8395592327024
Selection 23,4927.686604287742,3646.1295642532828
Selection 23,4881.064828055915,3634.7780705825844
Selection 23,4790.963099397195,3608.174888172996
Selection 23,4704.1476462126,3592.694484291217
Selection 23,4661.1010487932845,3633.4780055598535
Selection 23,4614.695950065246,3697.7469607113435
Selection 23,4572.1308582099045,3782.3956388580536
Selection 23,4578.3302423460755,3855.379844717482
Selection 23,4541.470991423831,3910.163140258675
Selection 23,4496.594672861411,3976.297929470567
Selection 23,4463.154111443385,4053.880513465951
Selection 23,4419.036164144226,4117.98094167005
Selection 23,4356.693231248633,4163.374878713742
Selection 23,4296.42077227813,4200.077640327695
Selection 23,4236.015899277535,4227.764210256227
Selection 23,4185.168911721833,4259.916744290621
Selection 23,4137.776726587646,4281.319666609285
Selection 23,4079.7553061287254,4300.567851529164
Selection 23,3990.0267442820855,4315.638975681564
Selection 23,3940.8048380047962,4327.833104089217
Selection 23,3871.455999153375,4362.28482719159
Selection 23,3831.418811508899,4409.78535107767
Selection 23,3753.968641543608,4511.76822952746
Selection 23,3707.3107523944836,4552.515637878798
Selection 23,3663.385407320913,4590.951819523059
Selection 23,3608.3252460804347,4637.007826717216
Selection 23,3537.2429871987056,4624.560907888476
Selection 23,3505.5478834500864,4578.829916950002
Selection 23,3479.5947335518636,4498.94814388664
Selection 23,3467.4969062570053,4427.264003049942
Selection 23,3466.84687374564,4357.229018769858
Selection 23,3464.0661791136877,4311.040597545608
Selection 23,3455.2787025711536,4255.715608244944
Selection 23,3442.603068599526,4208.732702840136
Selection 23,3431.2997254852257,4122.988599535385
Selection 23,3419.611177919746,4056.1917401730284
Selection 23,3415.710982851553,3990.466230690515
Selection 23,3413.8451487911516,3939.6673936912102
Selection 23,3431.5645535454114,3885.028549819209
Selection 23,3482.881009025989,3863.89045556073
Selection 24,5656.337992164733,2422.655490924863
Selection 24,5683.135295002178,2420.9150799316694
Selection 24,5731.445836975713,2433.7262641017874
Selection 24,5770.796718023996,2461.2838186727226
Selection 24,5808.036486820605,2486.2778797951983
Selection 24,5847.242857208804,2512.8992566116717
Selection 24,5903.809356023698,2552.294119165197
Selection 24,5939.095089373076,2566.8017328232663
Selection 24,5973.287568163552,2577.325878720739
Selection 24,6008.4539231415565,2593.2471836187665
Selection 24,6034.013460760016,2609.111940867196
Selection 24,6056.073327175554,2626.8616197689043
Selection 24,6080.765800833506,2644.988283001268
Selection 24,6116.120647976837,2689.956230576321
Selection 24,6140.134549839609,2710.715501051098
Selection 24,6165.530727581451,2716.445662877065
Selection 24,6190.958320684182,2718.1923569424366
Selection 24,6223.548616069371,2715.6288634939774
Selection 24,6247.606499437385,2724.048180211956
Selection 24,6280.089982595555,2740.4658478120136
Selection 24,6312.366124371865,2766.986695473646
Selection 24,6333.420699238988,2790.1963640976846
Selection 24,6355.461716437993,2817.5842757198243
Selection 24,6377.29539225514,2845.399436250041
Selection 24,6427.113871551297,2885.787024207627
Selection 24,6467.620837880256,2914.4001349043983
Selection 24,6499.576542975508,2933.1174069214558
Selection 24,6523.584161766103,2959.342950190741
Selection 24,6544.814662654199,2973.951093003651
Selection 24,6572.780616916677,2995.2444246135233
Selection 24,6605.860991931719,3028.840011547128
Selection 24,6644.131184565455,3067.8955882030637
Selection 24,6677.356070240581,3110.1366824530396
Selection 24,6700.7856463908365,3154.884722501877
Selection 24,6724.900077408449,3187.864568362077
Selection 24,6755.121654582685,3239.410892507073
Selection 24,6781.799579048757,3288.1549664608615
Selection 24,6799.643504033129,3332.7522127774364
Selection 24,6901.416707165826,3578.4580333544977
Selection 24,6934.98716181072,3601.3786806583666
Selection 24,6975.827130965093,3623.916060559403
Selection 24,6994.450156899486,3653.8674656300022
Selection 24,6996.2973801196995,3682.719333069522
Selection 24,6972.8803701137995,3699.8407047534706
Selection 24,6945.354230903752,3695.7001601884344
Selection 24,6910.231857430992,3675.0916834459213
Selection 24,6887.8138559013305,3641.4395488627174
Selection 24,6866.991754704778,3614.214997117195
Selection 24,6763.295931485737,3533.9424669762307
Selection 24,6712.503576002053,3477.671272553683
Selection 24,6677.538279333732,3422.933147742469
Selection 24,6599.8418087855825,3319.218475306895
Selection 24,6522.610285578576,3274.715475072984
Selection 24,6436.412818374138,3242.879148349106
Selection 24,6348.877056795874,3221.271663130354
Selection 24,6289.081058881695,3217.281912297581
Selection 24,6244.094262090108,3221.51670294528
Selection 24,6212.6223535525305,3226.172459428879
Selection 24,6186.088939746544,3236.7280206872397
Selection 24,6158.280062288505,3243.1807358136307
Selection 24,6124.709607643611,3240.868565252276
Selection 24,6095.575001956099,3235.848390582377
Selection 24,6031.927480797053,3238.2548072263953
Selection 24,5942.588477503819,3267.288883759066
Selection 24,5892.242220144744,3289.6377714947744
Selection 24,5857.484264858284,3320.412259020638
Selection 24,5809.921408473884,3359.976764522959
Selection 24,5765.368143662552,3391.2224824621426
Selection 24,5726.7837974199365,3422.3488220299523
Selection 24,5687.030799752288,3447.8078304935707
Selection 24,5658.511935138181,3455.3349509623304
Selection 24,5584.84291385587,3431.8111287294114
Selection 24,5519.052865084264,3396.2300909876867
Selection 24,5469.083592055845,3373.4413881995465
Selection 24,5370.263432846618,3303.1840751096706
Selection 24,5324.120550774355,3257.2359682749125
Selection 24,5261.943268504867,3180.764696801394
Selection 24,5184.7997083083455,3115.295084710846
Selection 24,5101.115469974947,3040.0867107450244
Selection 24,5059.32047384958,2984.8522232317796
Selection 24,5026.761593825279,2908.3432533251957
Selection 24,5057.5046659902555,2844.8779412593003
Selection 24,5259.649947160045,2744.034632808888
Selection 24,5413.409289490169,2639.7482008051534
Selection 24,5443.938737201106,2581.981635204337
Selection 24,5496.352125306611,2527.281208826188
Selection 24,5561.205996323754,2473.6803200791187
Selection 24,5592.728169438753,2446.857884952962
Selection 24,5599.9222870820995,2437.8102610172245
Selection 24,5656.337992164733,2422.655490924863
Selection 25,5535.016584300363,2342.2144374236977
Selection 25,5491.191142793025,2401.0703956015263
Selection 25,5490.241561414926,2400.0755960625647
Selection 25,5458.001012720403,2426.998489039731
Selection 25,5414.917149051199,2463.78798471696
Selection 25,5356.920335929745,2513.609354354584
Selection 25,5244.42659533755,2603.2498364471835
Selection 25,5167.230151114141,2650.8102980417134
Selection 25,5099.348648028281,2694.0388598256745
Selection 25,4997.4088261812485,2748.7257035720377
Selection 25,4878.349408631908,2821.4636371344645
Selection 25,4721.460477705514,2940.8847999707014
Selection 25,4567.384116384729,3083.98219183422
Selection 25,4420.967711513948,3214.7440694146176
Selection 25,4327.881605563673,3267.5498376691253
Selection 25,4166.317116804161,3318.5378358569865
Selection 25,4082.9438718070187,3332.1575459085857
Selection 25,4024.9561023177375,3330.710564761006
Selection 25,3970.7395274443384,3321.675976220801
Selection 25,3929.5548265313337,3305.5059618965915
Selection 25,3888.02646759578,3268.0472374386063
Selection 25,3865.8062633482496,3238.8634364183463
Selection 25,3813.307978587602,3172.655005284375
Selection 25,3781.2392589043534,3132.953460047641
Selection 25,3752.1187633093,3087.1203321980347
Selection 25,3718.666367903678,3044.7509154704494
Selection 25,3669.071089070363,2983.480307502596
Selection 25,3639.3718010162775,2929.58025975523
Selection 25,3635.5282573430177,2876.6297933859637
Selection 25,3649.591105371064,2762.191671876707
Selection 25,3684.0835184765087,2642.6077236613673
Selection 25,3721.5965047275286,2564.362218105963
Selection 25,3758.955749231617,2502.449512253871
Selection 25,3784.332181107307,2450.3039291479463
Selection 25,3807.239701399937,2383.082611210669
Selection 25,3811.001852383646,2344.6562181102395
Selection 25,3818.0920600067893,2296.263742355851
Selection 25,3820.9136732445704,2227.8848395005093
Selection 25,3831.1962830245634,2179.7908036078097
Selection 25,3842.4103869183105,2134.4369882633396
Selection 25,3878.2593448496123,2119.2979480067806
Selection 25,3930.2783171051246,2126.8765117672324
Selection 25,3980.3348211792304,2109.2142981345805
Selection 25,4065.109829163091,2100.8670256394767
Selection 25,4133.353077535847,2089.0379547580073
Selection 25,4199.624814095025,2078.7463013458428
Selection 25,4260.542720408154,2073.175423927659
Selection 25,4299.6202550249955,2064.4935370421767
Selection 25,4338.3270007227675,2055.513210295007
Selection 25,4374.790925641791,2044.941204285498
Selection 25,4445.665870976709,2021.8347240850753
Selection 25,4504.621309108434,2002.2914349605687
Selection 25,4544.069632644341,2007.7357015283399
Selection 25,4589.387273460123,2008.9656355037828
Selection 25,4635.871542826139,2010.5392275017764
Selection 25,4677.815908841622,2030.9235744183138
Selection 25,4714.370270082371,2051.5340121391605
Selection 25,4763.911287122651,2052.040455540814
Selection 25,4812.258544716177,2051.8957574260558
Selection 25,4859.728569988984,2061.590531114844
Selection 25,4894.87212461084,2075.8794699471996
Selection 25,4939.981761886656,2090.2045833082443
Selection 25,5017.594213189994,2149.1509778077966
Selection 25,5056.355220680801,2170.9099568145352
Selection 25,5169.328273778133,2199.741056180073
Selection 25,5220.054006632995,2217.6112733526893
Selection 25,5291.860446081667,2239.3973832559454
Selection 25,5337.205217793965,2252.393082687651
Selection 25,5431.159512432787,2277.398725644273
Selection 25,5502.540901169359,2302.657590301721
Selection 25,5535.016584300363,2342.2144374236977
Selection 26,3524.273494358438,2572.4110507393784
Selection 26,3620.5610460977337,2627.2154617039823
Selection 26,3627.8502136286697,2650.846472570403
Selection 26,3622.5687324400014,2695.910891685357
Selection 26,3607.4658667121325,2837.8235677342946
Selection 26,3559.9415796462918,2994.0613571442773
Selection 26,3512.109809086591,3069.3676822436596
Selection 26,3476.7039891317354,3108.6260895039472
Selection 26,3373.0277899076073,3195.245998450973
Selection 26,3275.627871411108,3238.2394257984524
Selection 26,3241.515290856903,3208.811446709538
Selection 26,3223.590811891252,3176.6975088654276
Selection 26,3192.2365391496214,3146.220468444518
Selection 26,3163.8304904961856,3108.4633041248444
Selection 26,3139.61164353856,3073.536796675125
Selection 26,3107.6785783378973,3016.2092123344282
Selection 26,3095.3882822156374,2974.961205996217
Selection 26,3088.4608599715966,2938.9585063179848
Selection 26,3101.3389921850617,2905.1081910967787
Selection 26,3111.1965512529523,2862.937734276985
Selection 26,3101.999177333645,2817.1407809560687
Selection 26,3089.5099213035924,2757.2538487105894
Selection 26,3072.3451074404215,2706.564290384417
Selection 26,3053.8418360157384,2648.540346366447
Selection 26,3046.706410231733,2611.0635346441177
Selection 26,3058.1918230906517,2569.5080448120457
Selection 26,3158.603271100552,2505.1897328021014
Selection 26,3235.130486543205,2466.4829871043285
Selection 26,3290.8935225180803,2457.068566012884
Selection 26,3352.2364795433127,2458.605983482188
Selection 26,3393.475442249351,2470.9505413974825
Selection 26,3430.2649379265804,2482.9514412902267
Selection 26,3464.377518480786,2504.9455547334474
Selection 26,3494.058719270526,2534.129355753707
Selection 26,3524.273494358438,2572.4110507393784