#Selection names:,"Selection 1, Selection 2, Selection 3, Selection 4, Selection 5, Selection 6, Selection 7, Selection 15, Selection 16, Selection 17, Selection 18, Selection 19, Selection 20, Selection 21, Selection 22, Selection 23, Selection 24, Selection 25, Selection 26, Selection 27, Selection 28, Selection 29, Selection 30, Selection 31, Selection 32, Selection 33, Selection 34, Selection 35, Selection 36, Selection 37, Selection 38, Selection 39, Selection 40, Selection 41, Selection 42, Selection 43, Selection 44"
"#Areas (Âµm^2): 23641.4, 64297.0, 18999.2, 96942.2, 369214.3, 520526.4, 95717.7, 6566.7, 4935500.8, 35403.4, 134061.2, 222567.5, 1389029.0, 300768.2, 34671.9, 80235.3, 19243.9, 59472.7, 48202.8, 7345.0, 7464.7, 4058.3, 4573.7, 20491.7, 238320.0, 5437.4, 63007.9, 233484.2, 825154.7, 367796.8, 109011.1, 11081.4, 18215.9, 11213.4, 10189.3, 15918.2, 2137.3"
Selection,X,Y
Selection 1,7906.795740883588,1933.0239462451852
Selection 1,7928.049925418563,1953.346135374462
Selection 1,7927.833045984532,1969.8289723607688
Selection 1,7923.178930562367,1999.887289596111
Selection 1,7909.087628956719,2027.4720089622415
Selection 1,7880.852271288498,2057.090705723198
Selection 1,7832.488157499728,2055.6077193229366
Selection 1,7810.384040047608,2040.0861857739533
Selection 1,7782.547271609495,2004.7348380270055
Selection 1,7756.97308321289,1986.7514298214614
Selection 1,7743.6906832801105,1951.4704213504156
Selection 1,7747.770361282412,1918.4402697082253
Selection 1,7765.296564194595,1898.153250216899
Selection 1,7789.188471575885,1882.2624354694321
Selection 1,7816.843530217918,1875.4219408879883
Selection 1,7842.769414994033,1878.176895860806
Selection 1,7878.554521609041,1904.020718148369
Selection 1,7906.795740883588,1933.0239462451852
Selection 2,5983.355355043403,1490.5397617176056
Selection 2,6003.661911356281,1500.3960823466302
Selection 2,6017.789081817788,1504.2865596159068
Selection 2,6043.914671027423,1520.9428739625862
Selection 2,6070.260475931546,1559.2136923833423
Selection 2,6083.493437209377,1587.8417326666975
Selection 2,6091.241025733613,1643.0091007372102
Selection 2,6064.11445609449,1678.8308537071525
Selection 2,6039.490337529086,1716.9281688534638
Selection 2,6019.577500185139,1741.9993920107056
Selection 2,5996.221290163754,1782.5257529992407
Selection 2,5967.7133675319365,1803.6731328728897
Selection 2,5934.173849941228,1802.8990413407525
Selection 2,5905.405672397744,1802.2784334744701
Selection 2,5879.560357708365,1770.467275425343
Selection 2,5866.120527141773,1740.2043004404902
Selection 2,5856.003951601081,1710.2683123959373
Selection 2,5851.3126899882145,1682.0606838929668
Selection 2,5848.937029768897,1626.3127471733512
Selection 2,5845.3335002227395,1593.7541904035397
Selection 2,5841.423003344874,1566.5075031128777
Selection 2,5840.468735335428,1531.8468874411415
Selection 2,5847.181977415861,1495.6781279223103
Selection 2,5859.380592249888,1468.9853164692981
Selection 2,5895.095573974018,1436.3667008737173
Selection 2,5925.351875756007,1446.3698319657337
Selection 2,5956.742622024749,1478.7749050696902
Selection 2,5983.355355043403,1490.5397617176056
Selection 3,4390.414615737216,2206.5957546457794
Selection 3,4397.181903032119,2219.3337138314087
Selection 3,4359.6857680671155,2241.8203526166894
Selection 3,4330.936627985618,2266.767823145572
Selection 3,4302.163826060432,2288.6865776823297
Selection 3,4277.941985404663,2309.9506878770394
Selection 3,4245.746103425877,2332.4688757872386
Selection 3,4211.949103357505,2357.668739315465
Selection 3,4176.653519855528,2368.1351615070007
Selection 3,4119.383970848189,2367.338546102822
Selection 3,4126.379989298748,2336.6806839637875
Selection 3,4150.586055392058,2313.3343315244915
Selection 3,4187.553742514687,2281.9350649498847
Selection 3,4228.00760794075,2255.347039925268
Selection 3,4267.877814555831,2224.0266461629562
Selection 3,4298.827506100357,2207.5895520806953
Selection 3,4344.187260451164,2190.2217588133544
Selection 3,4390.414615737216,2206.5957546457794
Selection 4,4141.547231103061,2527.3399331242927
Selection 4,4166.116112132928,2531.953992643545
Selection 4,4157.124611531308,2567.5571801134706
Selection 4,4137.437957582496,2595.864632446117
Selection 4,4104.800387854859,2633.155698099154
Selection 4,4064.8986321148595,2654.427695575094
Selection 4,4032.3320479182885,2669.429304473587
Selection 4,3960.218635637045,2715.0414518237385
Selection 4,3925.159670571954,2745.210302526544
Selection 4,3892.8928030621028,2772.4687464556678
Selection 4,3849.9938804548965,2798.4021271382367
Selection 4,3817.080255884228,2813.577256223779
Selection 4,3781.4849556955314,2827.648165937192
Selection 4,3752.94877220723,2843.8486415825687
Selection 4,3706.3822638283104,2889.7605056194407
Selection 4,3680.16494102148,2942.747260919166
Selection 4,3654.412967807189,2984.0529527180147
Selection 4,3615.883599001121,3052.798495914265
Selection 4,3596.8594766755873,3101.857385161704
Selection 4,3569.5379344966277,3122.6167093577264
Selection 4,3537.6496564857925,3134.778897013603
Selection 4,3498.875781961611,3131.1744094917253
Selection 4,3467.0900386067588,3124.430784040509
Selection 4,3436.9133006227235,3107.5204530844794
Selection 4,3434.775847409531,3073.218667017419
Selection 4,3437.0237225599362,3034.752396461188
Selection 4,3452.6247648318713,3001.1604657047824
Selection 4,3473.407750871582,2971.346542657303
Selection 4,3496.959172622844,2948.631172716367
Selection 4,3521.157351434925,2924.3620083732203
Selection 4,3550.87662710765,2905.976755827275
Selection 4,3584.2792631145476,2881.6839296404405
Selection 4,3627.54100065831,2853.1556334333686
Selection 4,3664.7926299052006,2836.205866071191
Selection 4,3696.5862605412817,2802.495626096343
Selection 4,3738.759553275374,2751.914491571612
Selection 4,3775.577382054642,2726.8881482304346
Selection 4,3825.3382393315055,2689.636518983545
Selection 4,3868.5053295005146,2651.036164646412
Selection 4,3905.086539842897,2632.9348542247285
Selection 4,3935.839049356686,2613.6189024937034
Selection 4,3968.67380111506,2590.2410009294895
Selection 4,4006.1699360800644,2570.9881474483
Selection 4,4050.7803987140696,2549.4400951293283
Selection 4,4091.171165890297,2534.722428355097
Selection 4,4141.547231103061,2527.3399331242927
Selection 5,4190.177104171745,4808.663498392366
Selection 5,4235.304144158991,4528.861219193998
Selection 5,4239.15007994299,4430.894365826594
Selection 5,4259.644319270223,4355.8150107389665
Selection 5,4278.853096365303,4286.01336644188
Selection 5,4298.6157718205795,4183.186838782195
Selection 5,4320.416375204877,4107.846210883154
Selection 5,4351.371977901084,4054.243480893671
Selection 5,4381.157078402162,3995.6974693122543
Selection 5,4409.77167670811,3957.9801262566793
Selection 5,4445.555600959228,3913.2084172929544
Selection 5,4482.269656418978,3856.052377068255
Selection 5,4547.880484821,3839.0069388516736
Selection 5,4591.324927902748,3812.6810903737037
Selection 5,4633.212185028474,3831.9525729435236
Selection 5,4679.227552574524,3860.9643059228188
Selection 5,4738.640989889832,3866.2211148884476
Selection 5,4790.352104724684,3858.2784214214935
Selection 5,4838.572614799061,3848.1096836013007
Selection 5,4882.5500544160905,3838.5157459662178
Selection 5,4924.479115191642,3834.7429665694135
Selection 5,4929.234280359358,3880.779235940378
Selection 5,4877.481361874679,3943.7982380531835
Selection 5,4835.09246095104,3970.0404792315016
Selection 5,4793.612789411118,3995.5302547129495
Selection 5,4731.011823796573,4031.3873353512654
Selection 5,4682.101553500066,4062.4787999094074
Selection 5,4631.571391772801,4101.805583483286
Selection 5,4601.368254773462,4153.631658355162
Selection 5,4626.638561093323,4187.388105589715
Selection 5,4664.847097034355,4213.254113919599
Selection 5,4702.731654689234,4245.975920820957
Selection 5,4690.201010653869,4312.527331344067
Selection 5,4668.755738293093,4351.258412907925
Selection 5,4650.435288756816,4402.6037458068
Selection 5,4588.34641785264,4481.058745617884
Selection 5,4556.492036685172,4528.2446153590645
Selection 5,4525.045241103508,4588.483674758436
Selection 5,4490.923011932975,4684.893342169818
Selection 5,4483.178885802695,4753.305015110189
Selection 5,4481.015546924195,4805.277402756455
Selection 5,4469.310524972895,4854.156320315592
Selection 5,4446.004990194859,4900.223942423924
Selection 5,4390.9391324614635,4923.341360777744
Selection 5,4336.385369438437,4915.8898601962455
Selection 5,4278.957605489868,4892.427561731362
Selection 5,4214.872610306497,4867.512586435022
Selection 5,4201.547696924436,4835.919478078967
Selection 5,4190.177104171745,4808.663498392366
Selection 6,7837.62915879633,4326.0299102378885
Selection 6,7760.104290193875,4268.215462528429
Selection 6,7767.48263438818,4311.3881818863065
Selection 6,7713.096085964457,4286.922595825597
Selection 6,7691.870282765267,4247.47040130224
Selection 6,7666.432761846101,4209.220061711382
Selection 6,7640.984790014478,4166.496731589135
Selection 6,7610.551732941098,4123.16724854441
Selection 6,7570.158956296653,4052.9266659241493
Selection 6,7564.912598243481,4010.495961350685
Selection 6,7557.858232335331,3918.1726007098005
Selection 6,7560.606822311395,3875.240252338423
Selection 6,7561.369738920722,3795.175812009036
Selection 6,7555.172347834005,3753.2676530583963
Selection 6,7546.780265131422,3696.738667581088
Selection 6,7555.506777032616,3634.137701966543
Selection 6,7565.424692953851,3584.7466896970373
Selection 6,7586.995376264104,3539.023947699768
Selection 6,7621.044449047442,3511.747066188255
Selection 6,7693.60513423305,3485.097239424134
Selection 6,7742.68261912886,3455.4061971351643
Selection 6,7863.192090664974,3406.746748737615
Selection 6,8024.836353629946,3427.1991844150216
Selection 6,8229.412964966292,3511.475342464386
Selection 6,8307.941121164573,3628.8599911760007
Selection 6,8303.509934283009,3761.941910397307
Selection 6,8270.401443620758,3897.2289721469374
Selection 6,8212.586995911297,4016.7456069996824
Selection 6,8100.929447225855,4140.244039498361
Selection 6,8034.555702214508,4193.177911090626
Selection 6,7954.42855641038,4254.859196408999
Selection 6,7896.666363263203,4296.516533460682
Selection 6,7837.62915879633,4326.0299102378885
Selection 7,3725.0239544435103,2365.408121662479
Selection 7,3722.283402792147,2381.7591331989775
Selection 7,3713.5931561049238,2394.7874033550684
Selection 7,3689.6310788423602,2433.304223843782
Selection 7,3671.0365068866104,2468.7041993196763
Selection 7,3636.3323191356735,2525.1269039139265
Selection 7,3594.3720593958956,2571.836979857751
Selection 7,3560.1861625013044,2611.844774042802
Selection 7,3538.0416531733226,2641.216955860647
Selection 7,3510.3379419204266,2692.0165596572824
Selection 7,3478.9493956751544,2722.837115922998
Selection 7,3450.3511002044556,2752.4648932316436
Selection 7,3420.3612292838425,2780.857292334753
Selection 7,3399.310100666509,2801.59602646333
Selection 7,3359.5011029743027,2810.2294741525975
Selection 7,3318.840120312761,2812.3310370769586
Selection 7,3289.815832357395,2816.704559919548
Selection 7,3245.8534079396777,2828.227656629812
Selection 7,3203.4884553394645,2837.301296553236
Selection 7,3169.74275067903,2832.324284357367
Selection 7,3150.509189996279,2804.357877738926
Selection 7,3169.288358695385,2780.395800476362
Selection 7,3196.090385855734,2753.9842664269586
Selection 7,3235.778685677284,2721.4029412246164
Selection 7,3256.141126444405,2695.7155943991474
Selection 7,3272.719333972727,2662.182885981047
Selection 7,3312.3011356731104,2621.1172104590714
Selection 7,3363.7326283220027,2578.780657357836
Selection 7,3380.9853239510485,2553.8245976310473
Selection 7,3403.8185211292434,2523.586231094378
Selection 7,3431.366035137761,2508.3853992664817
Selection 7,3473.028100138272,2481.675670477811
Selection 7,3510.1178458033482,2442.6760585064735
Selection 7,3536.5861788507077,2416.967412056772
Selection 7,3575.649689694745,2425.4091631279384
Selection 7,3615.5864851323518,2420.858143416737
Selection 7,3658.9809195705116,2377.378510481644
Selection 7,3691.107852789208,2357.8041558111586
Selection 7,3725.0239544435103,2365.408121662479
Selection 15,4491.988882295036,3469.9962325241268
Selection 15,4502.507050513116,3481.613104940636
Selection 15,4506.181061367734,3521.0194956498885
Selection 15,4495.061055181089,3552.3430624789808
Selection 15,4471.841306579899,3586.486870021238
Selection 15,4435.682041654537,3588.6492878385275
Selection 15,4424.701997786162,3562.637290987827
Selection 15,4434.170448617208,3525.120391575235
Selection 15,4455.696653167316,3484.720268406256
Selection 15,4491.988882295036,3469.9962325241268
Selection 16,4108.816375644142,4806.260672020487
Selection 16,4044.301230189773,4841.671621149529
Selection 16,4027.8409090680393,4842.187904284343
Selection 16,3980.2517518766085,4839.2319302575615
Selection 16,3930.233026991932,4833.238996614225
Selection 16,3804.644623648623,4832.1558143509865
Selection 16,3761.5906594845824,4827.812962099311
Selection 16,3709.2132292977144,4827.742099708259
Selection 16,3646.8442019723775,4831.113124882636
Selection 16,3586.1758720323123,4833.1580110244495
Selection 16,3540.6518473801393,4829.149224330597
Selection 16,3484.913515217616,4829.22008672165
Selection 16,3415.8328071396904,4834.686614031449
Selection 16,3337.5906042184884,4845.083139118793
Selection 16,3280.040219484753,4855.1253522508705
Selection 16,3229.8190306256406,4862.069866574062
Selection 16,3179.273899407428,4870.563230301697
Selection 16,3094.8261756697293,4895.031001612416
Selection 16,3041.274454431127,4947.135105433794
Selection 16,2968.0938508708514,4993.610710765822
Selection 16,2922.600195814843,4980.399936433802
Selection 16,2886.703333147152,4953.391242243899
Selection 16,2845.6436391313164,4972.240638263989
Selection 16,2789.328284641648,4988.9135465588815
Selection 16,2746.912081997083,4996.678039978542
Selection 16,2705.660047205532,5011.275692535454
Selection 16,2642.7342439504937,5025.367185156274
Selection 16,2550.562519588021,5039.681388148974
Selection 16,2489.2260585323133,5039.853482527245
Selection 16,2444.592875367663,5038.446357904908
Selection 16,2386.2225115374586,5036.8468925068555
Selection 16,2318.2857249151025,5041.857875874172
Selection 16,2261.778029649719,5048.387339049768
Selection 16,2217.9547023828172,5049.298426934734
Selection 16,2152.8119186076924,5045.765430580808
Selection 16,2099.705618112851,5055.301483776793
Selection 16,2035.1297334661504,5044.489907541854
Selection 16,1980.6061851502495,5018.4226708330825
Selection 16,1922.7723508523031,4984.945252659915
Selection 16,1865.4041836955616,4949.696274710422
Selection 16,1809.9594242959722,4928.224970221372
Selection 16,1771.8557043069175,4908.343007931653
Selection 16,1713.8396524319776,4880.7066754209945
Selection 16,1671.7980081401217,4855.8440993601225
Selection 16,1634.6458688309208,4833.056779037231
Selection 16,1600.3585947600047,4800.895376697904
Selection 16,1557.4159857819036,4763.328186241108
Selection 16,1518.8364754529216,4801.47239902505
Selection 16,1465.1025366373258,4801.269935050613
Selection 16,1416.0556388299476,4782.562263812628
Selection 16,1372.5157611272575,4727.664157144019
Selection 16,1386.3440505813087,4676.0965828549
Selection 16,1460.5774668086572,4687.1004998655535
Selection 16,1535.4587677542045,4712.297141484246
Selection 16,1606.8981811343217,4704.360553686313
Selection 16,1655.661629377488,4741.259613027468
Selection 16,1713.1310285214477,4737.88858785309
Selection 16,1720.3387460114072,4672.340876129092
Selection 16,1730.542930323035,4620.044431531999
Selection 16,1749.0582607853044,4577.00059056668
Selection 16,1769.132563850739,4527.629750400202
Selection 16,1788.073068659326,4473.91605798205
Selection 16,1797.5989986565899,4432.67414638922
Selection 16,1792.6082616867163,4372.137418032539
Selection 16,1782.9102373111812,4322.584360289068
Selection 16,1763.8583773166533,4237.519121429337
Selection 16,1754.4944184989395,4193.665424566269
Selection 16,1718.3141062670365,4133.68547213929
Selection 16,1646.3179169572177,4070.233262550715
Selection 16,1585.0826878887283,4014.8796119396225
Selection 16,1543.4864643406338,4000.5755321456436
Selection 16,1499.723876266063,3998.814095568042
Selection 16,1459.301943769704,4032.898905664521
Selection 16,1395.5662846169168,4032.7571808824146
Selection 16,1393.4707824814934,4078.2305895409795
Selection 16,1416.025269233782,4134.920502383356
Selection 16,1456.5079409224725,4191.600292027011
Selection 16,1501.4751896449438,4259.911637002076
Selection 16,1515.3338486951604,4333.061870966186
Selection 16,1494.642030507693,4393.3353961561
Selection 16,1447.9133452076192,4399.834489735529
Selection 16,1411.6318009884978,4382.584559113491
Selection 16,1382.3757566823426,4352.437673319812
Selection 16,1360.357799462312,4292.498213687721
Selection 16,1335.8495353567055,4245.415216432382
Selection 16,1307.0895277879213,4207.301373244605
Selection 16,1291.3783233716051,4156.46266926346
Selection 16,1257.4048684610664,4097.535529503552
Selection 16,1217.246139131475,4065.475359151444
Selection 16,1177.694801725195,4041.0885734304998
Selection 16,1127.0788081159296,3996.799579022393
Selection 16,1081.6458922522531,3969.3353408900057
Selection 16,1049.8084322720251,3942.367139494989
Selection 16,1012.5246913794405,3909.3553884630264
Selection 16,980.0393466810139,3883.055318183652
Selection 16,932.976595823119,3835.4459145947767
Selection 16,897.2113347388122,3809.2976922962303
Selection 16,873.4319409411793,3764.877096304739
Selection 16,821.4290691070198,3707.3469579684474
Selection 16,782.6167252074353,3673.8695397952797
Selection 16,749.1190606368235,3644.775466668674
Selection 16,731.2617380914749,3597.176186278521
Selection 16,740.6054505117452,3555.660948320201
Selection 16,789.2879131651366,3515.3706174072263
Selection 16,855.0380888635723,3487.491328127243
Selection 16,913.2363583155054,3481.1339593299194
Selection 16,972.5886724217303,3486.266421081899
Selection 16,1044.6253545264362,3482.0450472148864
Selection 16,1090.7871406980864,3486.742211421826
Selection 16,1192.7783678207563,3487.521697723409
Selection 16,1305.50018558859,3480.26336423984
Selection 16,1390.6970260317055,3468.763410491815
Selection 16,1432.3134959772435,3456.878775192359
Selection 16,1480.4290595022112,3436.652624146097
Selection 16,1535.701724523529,3410.1399666935636
Selection 16,1582.6531201954836,3387.3830159668382
Selection 16,1669.8037379919167,3328.4558762069314
Selection 16,1714.7102475220568,3304.089336883431
Selection 16,1783.527752433214,3259.1423345584035
Selection 16,1826.5311006036459,3234.026678529486
Selection 16,1861.79020175186,3208.1720289938735
Selection 16,1917.326069939946,3160.6233645973293
Selection 16,1948.5561379968628,3117.731371612838
Selection 16,1984.7364502287658,3075.1633209874453
Selection 16,2019.0034779022383,3033.0710607019805
Selection 16,2048.8061749393737,2982.859995041589
Selection 16,2087.0313733130906,2924.651602390934
Selection 16,2156.942183686208,2897.4201978291494
Selection 16,2188.222867736734,2937.0322744277605
Selection 16,2217.0537376965717,2974.2249065318483
Selection 16,2295.7413613615354,3019.7691775814656
Selection 16,2359.3454189309386,3057.76154238458
Selection 16,2413.5349016890177,3072.531289319764
Selection 16,2488.912239371936,3083.6060687214713
Selection 16,2552.8098697042724,3088.4449577105165
Selection 16,2625.8791180786075,3094.4075217576883
Selection 16,2691.821634552759,3093.4863106739995
Selection 16,2734.9970771014623,3084.1223518562856
Selection 16,2776.077017514742,3065.6677605863474
Selection 16,2824.860712155352,3033.455742253411
Selection 16,2868.886503396691,2993.8639120522434
Selection 16,2907.364781738455,2953.401486760997
Selection 16,2970.1488602113877,2901.985760452705
Selection 16,3035.0588104159087,2845.052890841004
Selection 16,3075.7034532841494,2834.3830393881703
Selection 16,3122.583986565051,2850.8433605099035
Selection 16,3176.8443317141837,2901.034179772851
Selection 16,3229.6165666512034,2953.9886322868642
Selection 16,3275.2721928867604,2984.823895593629
Selection 16,3320.371043192616,3024.628312967955
Selection 16,3353.068975064201,3094.053209802423
Selection 16,3354.1622805261613,3148.019982188622
Selection 16,3327.406666304304,3210.044820757416
Selection 16,3300.3271097233473,3260.87340153984
Selection 16,3262.4562233048946,3306.620136563894
Selection 16,3235.741101877925,3376.004540603475
Selection 16,3297.5735996710027,3368.6652215301315
Selection 16,3368.8409186728486,3337.2529358962215
Selection 16,3418.920382749856,3312.5422078161782
Selection 16,3456.7001603798117,3253.473343274166
Selection 16,3503.7527880389844,3251.6309211067883
Selection 16,3555.3709783217128,3325.7833517443623
Selection 16,3626.9926092788232,3333.0619316253747
Selection 16,3699.9707488646627,3316.54087131131
Selection 16,3747.8838484151934,3299.948948606193
Selection 16,3817.68330360237,3318.079597517032
Selection 16,3849.7940899480877,3390.2984971987316
Selection 16,3905.3704509310614,3384.7206147029906
Selection 16,3965.6642225184182,3388.8306333840633
Selection 16,4014.9642002938426,3414.4322029516293
Selection 16,4047.5609001782095,3450.855471952857
Selection 16,4062.4622486967774,3499.5278114075263
Selection 16,4092.426916913462,3562.564969848505
Selection 16,4105.647814444203,3614.9626464328167
Selection 16,4109.585738747003,3674.7907508789685
Selection 16,4152.477731731495,3693.8122412773305
Selection 16,4190.672560509046,3718.128164607221
Selection 16,4205.533416232726,3775.7797813281754
Selection 16,4210.078732458839,3825.2923462767585
Selection 16,4215.545259768639,3878.3075379831025
Selection 16,4221.3964686298705,3950.2632344980343
Selection 16,4214.067272755248,4007.8136192317693
Selection 16,4211.718690651779,4051.1814025561875
Selection 16,4214.573432691341,4104.166224666366
Selection 16,4209.198014170037,4195.487600336202
Selection 16,4201.797955904363,4282.364891767146
Selection 16,4200.380708083303,4328.587417131127
Selection 16,4197.951140390059,4372.694193962241
Selection 16,4192.150547522437,4429.809281150936
Selection 16,4180.4582529986965,4490.396625501227
Selection 16,4162.388343280189,4574.510283681104
Selection 16,4148.549930627416,4688.386146103229
Selection 16,4108.816375644142,4806.260672020487
Selection 17,1080.566159783401,4920.5910574624395
Selection 17,1084.0117210259689,4937.907590574228
Selection 17,1048.1660538500707,4969.75315338912
Selection 17,1015.0117692756631,4978.818084898537
Selection 17,978.5302259906217,4970.736543185819
Selection 17,961.8791446209596,4935.8742658066185
Selection 17,977.90913769797,4904.5240948442
Selection 17,1021.2744095599012,4864.493475601149
Selection 17,1052.0626434956357,4819.908208878652
Selection 17,1064.3661068167357,4783.404483868872
Selection 17,1095.7902168616135,4750.945226669575
Selection 17,1126.8816010354278,4731.32179418508
Selection 17,1164.7236234377062,4722.700497170415
Selection 17,1214.0927487952706,4719.129239487667
Selection 17,1260.3638265978223,4722.937102234282
Selection 17,1271.2550534439645,4774.539187882095
Selection 17,1251.7647113078947,4809.150072380935
Selection 17,1213.6565082087652,4819.516331741622
Selection 17,1183.5041503821744,4828.0341140408445
Selection 17,1143.399592056665,4858.57095509622
Selection 17,1126.4305726324305,4885.787931349207
Selection 17,1080.566159783401,4920.5910574624395
Selection 18,1262.332099562834,2781.1878595518397
Selection 18,1297.524481520735,2774.272865202217
Selection 18,1305.4890732269969,2773.717196013408
Selection 18,1353.461846527504,2772.2107151015257
Selection 18,1407.1888829832326,2777.2981752301766
Selection 18,1440.485815597085,2785.9048735546176
Selection 18,1469.2139126585082,2815.9727507712805
Selection 18,1499.8065885534907,2883.3260305570243
Selection 18,1496.2750021535048,2916.227820636613
Selection 18,1467.1579366599153,2951.8709120476587
Selection 18,1441.757680629248,2970.0536427259076
Selection 18,1407.059226839177,2993.0274766321095
Selection 18,1377.059264745591,3014.136731704752
Selection 18,1338.6316532884023,3065.4867388527978
Selection 18,1308.5267314591524,3102.870927055445
Selection 18,1286.553102092807,3120.6276446889406
Selection 18,1234.3634170594496,3143.5212152678696
Selection 18,1185.3780910148907,3150.788133437072
Selection 18,1145.3637353185477,3154.474072389504
Selection 18,1106.3928028767457,3148.374059516801
Selection 18,1075.726037756589,3140.644083690259
Selection 18,1052.060704415425,3134.031620343432
Selection 18,1023.4252188854699,3112.0209463644997
Selection 18,993.3202970562199,3085.4723073436267
Selection 18,976.7551811276151,3059.238547529746
Selection 18,972.4086132507093,3031.1093383718166
Selection 18,977.3911136436964,3002.6714241089935
Selection 18,992.9004581135644,2976.0178253524573
Selection 18,1006.8230583442778,2945.449845865867
Selection 18,1017.3560765232565,2922.976114229593
Selection 18,1039.2185720518403,2902.126171445061
Selection 18,1068.378856260115,2879.7573995444513
Selection 18,1095.7239544516137,2859.055635210269
Selection 18,1142.3013806780004,2839.4837315599975
Selection 18,1165.9234953044793,2825.2215557139007
Selection 18,1192.4968307337433,2816.6210314915575
Selection 18,1238.3271906062869,2802.3773779517546
Selection 18,1262.332099562834,2781.1878595518397
Selection 19,1682.8972678901212,2305.1851815090627
Selection 19,1705.4007990660825,2339.8917377035855
Selection 19,1720.534471825322,2362.6643119508217
Selection 19,1738.416227384017,2406.6912888288125
Selection 19,1764.1867101397506,2452.5343064379126
Selection 19,1788.5351080901717,2534.8038341614733
Selection 19,1778.580514452983,2590.889705841271
Selection 19,1661.3642135069745,2607.4838981302905
Selection 19,1510.8346151284056,2611.702109140644
Selection 19,1417.7841471915958,2605.6390313558313
Selection 19,1334.1501867494237,2597.3947829574645
Selection 19,1268.6285902127545,2561.275750638746
Selection 19,1257.319172538072,2514.7985600759266
Selection 19,1240.3214156421388,2464.7757661809414
Selection 19,1205.9127285622426,2454.9653027605073
Selection 19,1135.9327039872956,2462.5945955673874
Selection 19,1117.9836876607815,2501.8652752924745
Selection 19,1099.1698900337399,2554.8379342903713
Selection 19,1062.6184670647574,2585.5568878213485
Selection 19,1005.4852491432096,2566.483655804148
Selection 19,999.7680838786079,2521.726419161267
Selection 19,1022.0313980266448,2483.2244339255385
Selection 19,1083.9209131010966,2439.351195945419
Selection 19,1140.8811747625389,2405.605507862594
Selection 19,1192.7104007075154,2368.6985636922836
Selection 19,1226.8884794406044,2294.6252409615045
Selection 19,1277.6991851871812,2240.9031048364836
Selection 19,1310.12848395698,2181.7040204747855
Selection 19,1388.343148249177,2153.175846238479
Selection 19,1442.5553271111637,2150.7448499158836
Selection 19,1485.842435543147,2149.0537220392957
Selection 19,1544.2343906910191,2170.4810809301553
Selection 19,1588.3670630612967,2209.1944571504578
Selection 19,1637.0926850054893,2252.0299575699432
Selection 19,1682.8972678901212,2305.1851815090627
Selection 20,2167.5014913437626,2800.6376059437725
Selection 20,2134.582149836998,2773.6756467295336
Selection 20,2110.560447044554,2769.8610003260937
Selection 20,2073.3268077162666,2761.8281429123003
Selection 20,2046.249544328624,2727.371412426819
Selection 20,2057.001658498522,2685.7177797847216
Selection 20,2062.613128270837,2639.605719104347
Selection 20,2068.6665973745326,2582.6838921673725
Selection 20,2049.7567129363206,2543.2306475010632
Selection 20,2022.765927678731,2516.5281226769825
Selection 20,1978.393038280529,2511.5604345395054
Selection 20,1915.6675679489001,2500.596929385034
Selection 20,1915.7540460789533,2449.6709194650534
Selection 20,1947.3473895915752,2404.596596345312
Selection 20,1983.5240739969952,2379.7005035712236
Selection 20,1926.7752033201261,2358.244318637013
Selection 20,1942.0722236583545,2319.5501597789444
Selection 20,2017.8462829468388,2249.5797438851146
Selection 20,2053.7347069187495,2212.586321584751
Selection 20,2101.6435909679994,2192.667525629257
Selection 20,2159.4974599733205,2155.549190474373
Selection 20,2308.3839738808865,2107.8036540041116
Selection 20,2352.6031243812167,2113.1652980673857
Selection 20,2400.2141393158404,2134.0065274101094
Selection 20,2448.363240393014,2135.582351113294
Selection 20,2493.274215933767,2143.7689474249587
Selection 20,2549.619522003723,2151.3405881451367
Selection 20,2632.676961578876,2177.0726361764027
Selection 20,2636.4339558956144,2236.5984156960776
Selection 20,2718.838005154813,2198.173299909285
Selection 20,2791.0760697922497,2165.359653894807
Selection 20,2832.287703102966,2156.317884963731
Selection 20,2871.952338753849,2145.25829299809
Selection 20,2873.605031905969,2087.5869889339915
Selection 20,2812.6379502187474,2084.281602629751
Selection 20,2767.707757315761,2038.573106556289
Selection 20,2770.7729265920766,2001.59890161816
Selection 20,2751.219260519027,1962.0976135462656
Selection 20,2694.576085334445,1959.0997050377684
Selection 20,2669.38212344573,1927.6120570174335
Selection 20,2699.303556443998,1897.7002327002824
Selection 20,2746.8857453352703,1857.824206064826
Selection 20,2823.2363254907737,1801.5173347193381
Selection 20,2854.166670006324,1770.2410776835761
Selection 20,2890.5835714396685,1743.3559879182733
Selection 20,2957.3927312460128,1700.5877482666067
Selection 20,3009.366087407744,1667.61075467314
Selection 20,3068.209650568114,1663.9018037619865
Selection 20,3089.5985747345057,1699.108011374592
Selection 20,3133.827333915953,1678.3436514808038
Selection 20,3176.1439655551217,1650.3535633870486
Selection 20,3218.8929878445547,1628.887769771721
Selection 20,3257.289277587997,1606.5379774936312
Selection 20,3290.852400729599,1581.9781885586367
Selection 20,3332.236990300421,1584.6686192713905
Selection 20,3385.344170833955,1546.3011555712997
Selection 20,3409.7886555955465,1504.253567003406
Selection 20,3428.1892799345583,1443.6804412419801
Selection 20,3461.2815777014284,1398.6925962522914
Selection 20,3495.2578741310613,1355.3382270524894
Selection 20,3526.399609631185,1308.1692114492469
Selection 20,3561.2887307669303,1281.3898171762305
Selection 20,3597.0906766087883,1245.0882199162895
Selection 20,3643.029781029057,1214.0329625462184
Selection 20,3690.7561001370846,1214.9361785712142
Selection 20,3728.4509561589875,1179.9413619431823
Selection 20,3755.355263286524,1147.9924972292324
Selection 20,3792.194946689016,1125.537009458856
Selection 20,3849.2897298860958,1125.9309653846522
Selection 20,3915.138021580743,1139.8443356420353
Selection 20,3959.7319106446353,1164.9806454440486
Selection 20,3931.4727794796045,1223.9875561834072
Selection 20,3862.7995355365665,1278.238169769862
Selection 20,3824.2206808519018,1319.7476721952046
Selection 20,3795.2889420086826,1352.849578643192
Selection 20,3733.0823404573707,1417.9580018918314
Selection 20,3675.910687811355,1469.0954027963853
Selection 20,3647.305644126113,1497.1239256146089
Selection 20,3613.636825492223,1529.3898768054191
Selection 20,3569.8116309176894,1566.527429322537
Selection 20,3534.7783795651894,1601.445376501633
Selection 20,3494.4027015116503,1648.4606532070038
Selection 20,3446.7244258092073,1687.0106818483177
Selection 20,3391.378422575417,1747.391633987404
Selection 20,3364.320376550009,1778.8408472832714
Selection 20,3334.8985949698235,1814.3449240105028
Selection 20,3309.2722424308445,1853.3849953887825
Selection 20,3271.385212786603,1905.704264070725
Selection 20,3242.4822999867342,1947.3771140750562
Selection 20,3212.022780845916,1982.3238872975032
Selection 20,3177.4507461870307,2023.5066945648687
Selection 20,3137.9878928396042,2069.061451740459
Selection 20,3108.249024782559,2100.1263177916467
Selection 20,3069.3242575776835,2130.0381421087977
Selection 20,3041.372604208396,2166.90665155464
Selection 20,3006.1471792335565,2203.1217706845287
Selection 20,2957.229383667024,2247.302486460391
Selection 20,2900.221078599997,2292.7227221003436
Selection 20,2834.6706560199764,2329.965970109748
Selection 20,2712.6500145154796,2397.6014764921524
Selection 20,2704.82854808626,2444.674405284225
Selection 20,2747.3853967533532,2451.554220963981
Selection 20,2791.0568524300156,2433.614813318584
Selection 20,2828.6844476840993,2421.9787004859245
Selection 20,2898.6740809401635,2398.3893883437445
Selection 20,3013.9109935760744,2348.0975513774847
Selection 20,3080.585631846781,2305.7040502893797
Selection 20,3150.950003666407,2247.3313125037416
Selection 20,3213.7715608092058,2179.2249807466055
Selection 20,3251.379938701056,2156.010407167988
Selection 20,3293.4083099067147,2123.83093410723
Selection 20,3341.509367578304,2085.655644029479
Selection 20,3397.7970215615583,2046.5675292456144
Selection 20,3438.518612135309,2015.973488569158
Selection 20,3479.3170721579945,1992.749306309424
Selection 20,3515.8492777647434,1974.8195073451436
Selection 20,3563.2777277581445,1947.5596790162786
Selection 20,3600.2519326962743,1926.1515374876526
Selection 20,3686.393758909977,1852.5778661749564
Selection 20,3735.080946129702,1801.9112906451344
Selection 20,3771.248021854005,1778.5621955308789
Selection 20,3814.0354788679056,1766.8876479737512
Selection 20,3880.6716824141445,1750.4760206259539
Selection 20,3915.397455970901,1733.1900032965113
Selection 20,3950.1712729332426,1709.1779091851845
Selection 20,4022.7360327286565,1649.200521653011
Selection 20,4077.2749067486207,1605.375327078477
Selection 20,4126.087006822866,1569.7271201344904
Selection 20,4201.4575015044375,1524.354927900123
Selection 20,4242.6018740473355,1522.6830173857688
Selection 20,4272.859610884697,1562.70317423798
Selection 20,4282.256901017101,1618.164481645174
Selection 20,4244.148871707169,1653.7550365024583
Selection 20,4209.154055079136,1702.951483821383
Selection 20,4154.096312278855,1734.996435346503
Selection 20,4116.007500331157,1769.7029915410255
Selection 20,4084.9618516422024,1794.1186502592652
Selection 20,4053.752855374259,1822.387390105413
Selection 20,4015.9907385845386,1847.3603523284378
Selection 20,3973.79901979989,1876.561134242932
Selection 20,3920.874404207578,1917.532550525724
Selection 20,3879.9606400114885,1951.5280643175902
Selection 20,3814.640825778275,1996.6312134806824
Selection 20,3754.615394840517,2046.8846157224746
Selection 20,3700.681867730922,2100.577925804145
Selection 20,3672.691779637167,2132.411486344691
Selection 20,3642.48208620539,2175.698594776675
Selection 20,3605.6616201651323,2199.470471860077
Selection 20,3568.264633257856,2238.0781525880925
Selection 20,3539.284851009052,2275.7633999288782
Selection 20,3515.0805832753854,2314.678558452637
Selection 20,3464.442833788914,2332.992704661596
Selection 20,3427.0650642438713,2382.1122825315847
Selection 20,3379.2138322813234,2442.310669729449
Selection 20,3330.324862758142,2486.46255946196
Selection 20,3286.490059502491,2520.217856225902
Selection 20,3216.9712516211594,2569.6353032105167
Selection 20,3145.1079255472846,2611.46189211272
Selection 20,3089.1661840842416,2654.460740111194
Selection 20,3060.580357761234,2683.4981744467
Selection 20,3010.26930343274,2704.781403120805
Selection 20,2923.6950865687727,2747.933990017151
Selection 20,2862.564657302562,2795.3720486916686
Selection 20,2804.0477893001694,2828.598867994177
Selection 20,2737.132934001538,2879.7458775798477
Selection 20,2650.174369892892,2929.614932576961
Selection 20,2601.852312555612,2935.0054026835855
Selection 20,2527.442685985739,2939.127526882769
Selection 20,2445.922635389302,2931.8441465961
Selection 20,2336.431714061344,2921.6301185687526
Selection 20,2261.4551753055684,2905.0359262797324
Selection 20,2208.213473236396,2875.460405801676
Selection 20,2169.913270304124,2853.139439566937
Selection 20,2167.5014913437626,2800.6376059437725
Selection 21,2942.7456170980095,1649.442373973807
Selection 21,2916.2220226556856,1672.6093455830987
Selection 21,2908.102341565812,1677.9475261322043
Selection 21,2889.02396661607,1690.2655999556057
Selection 21,2855.2590596756945,1709.4694561327503
Selection 21,2823.2927169947625,1732.4168355940867
Selection 21,2789.590550668088,1757.8842963724342
Selection 21,2657.3385653697283,1810.7746337228284
Selection 21,2585.829950903404,1826.3343059208084
Selection 21,2543.3702405808913,1836.9113277139925
Selection 21,2487.72977299658,1841.815552351662
Selection 21,2451.993765109081,1835.8551940500167
Selection 21,2421.9253259926204,1819.265530110436
Selection 21,2388.944676723514,1790.8022050278396
Selection 21,2367.5239855289146,1785.8352397764681
Selection 21,2346.1398930256414,1788.0991302541986
Selection 21,2329.011705485123,1802.7490635535066
Selection 21,2312.1135668615093,1826.7264347564435
Selection 21,2264.0699419195594,1886.9626522943918
Selection 21,2245.843793639264,1913.465333198815
Selection 21,2199.0706661247696,1931.090217264471
Selection 21,2173.001941131782,1918.4166132967607
Selection 21,2155.863296822313,1905.4083927226427
Selection 21,2129.088739925183,1887.8148789638378
Selection 21,2111.1867514823452,1873.7400679567934
Selection 21,2091.2666066321076,1853.3232265814188
Selection 21,2079.011273422408,1833.3821681932814
Selection 21,2074.943590300759,1790.5564709575085
Selection 21,2085.667006859246,1757.69607453133
Selection 21,2108.279769714174,1743.9820220530694
Selection 21,2136.8215205638967,1730.879690558399
Selection 21,2173.5038660413943,1717.8923835221813
Selection 21,2209.720885300605,1711.9999942187121
Selection 21,2233.6093739674643,1700.5393754492318
Selection 21,2268.7598027937493,1683.573267827442
Selection 21,2311.334537574716,1658.837780875612
Selection 21,2338.177063470022,1641.2704090391821
Selection 21,2358.217461163187,1628.5758915335716
Selection 21,2378.5401916180094,1615.6408683421053
Selection 21,2398.277343011617,1596.907566767722
Selection 21,2418.8510359212455,1579.3401949312927
Selection 21,2456.803878826199,1561.171558880223
Selection 21,2479.54212290853,1561.4695767953053
Selection 21,2507.0904807079783,1566.4574555845772
Selection 21,2530.607754077104,1569.181443896119
Selection 21,2564.508599013833,1560.2252212902251
Selection 21,2588.167038763787,1542.3284612318623
Selection 21,2620.8339849643858,1510.7228770797144
Selection 21,2644.7904426294217,1486.5677408046233
Selection 21,2663.006134140767,1467.7246431562626
Selection 21,2688.9389211374014,1443.6008771880224
Selection 21,2721.208510117891,1415.9270381611707
Selection 21,2752.0402933677196,1393.8318853692801
Selection 21,2774.6373710692224,1380.577930724831
Selection 21,2808.010149173964,1365.9384541944728
Selection 21,2865.820396315453,1363.8366436354713
Selection 21,2902.178581955492,1361.3897597011116
Selection 21,2928.6917196288655,1340.423937955849
Selection 21,2950.211750128492,1318.5849760032397
Selection 21,2971.0416338774016,1299.1406141402392
Selection 21,3002.1400647354617,1272.1778354020046
Selection 21,3028.4545237987804,1250.3859289096717
Selection 21,3046.2780864744914,1236.541166819533
Selection 21,3087.8228295138574,1203.267728019819
Selection 21,3134.2247417306176,1171.4320949507655
Selection 21,3163.0383685730476,1147.2246748309233
Selection 21,3188.856131111229,1131.0375964959276
Selection 21,3221.9465764543133,1105.057754039017
Selection 21,3259.8209935921395,1086.7218096847434
Selection 21,3275.9505596979093,1107.2536755185706
Selection 21,3267.2923550070973,1132.1616991580797
Selection 21,3239.979274509029,1158.8003180588564
Selection 21,3215.029423793719,1178.77797513832
Selection 21,3184.0564741630615,1211.607001257648
Selection 21,3166.044689646246,1229.1116324803763
Selection 21,3149.5282230893167,1257.0364339620342
Selection 21,3138.7629794550285,1296.2074904496924
Selection 21,3146.135001564959,1318.4594947758367
Selection 21,3167.8537106746403,1334.9811897172406
Selection 21,3183.0055688835605,1354.57717473002
Selection 21,3173.3801130648503,1380.912547331239
Selection 21,3152.1946991716322,1418.6039710124362
Selection 21,3129.2734616326716,1447.0672960950324
Selection 21,3105.897354644375,1472.853688326363
Selection 21,3069.403231007982,1504.297192559782
Selection 21,3043.674351005878,1530.2874917856427
Selection 21,3010.981262882903,1573.834706078983
Selection 21,2990.3918848198496,1604.78674217174
Selection 21,2961.499832210293,1631.5508422999196
Selection 21,2942.7456170980095,1649.442373973807
Selection 22,560.4428053169951,2704.41232947837
Selection 22,588.5850804451931,2718.4965971863858
Selection 22,606.1707198643375,2724.8340799835287
Selection 22,627.1614432725552,2766.9293213805754
Selection 22,621.1128236415799,2809.51475481718
Selection 22,588.2612035619137,2831.4858623045134
Selection 22,551.4442800193939,2855.8466559846925
Selection 22,513.4281366658125,2879.796038488814
Selection 22,462.3518768297204,2899.149870622078
Selection 22,371.0448560327582,2885.617068958565
Selection 22,339.7425929352664,2849.6842417731054
Selection 22,342.07975855244484,2814.3466477785373
Selection 22,375.7804612720599,2795.7368571338875
Selection 22,442.33278407134134,2772.1726255179906
Selection 22,486.5376019243429,2728.090355674879
Selection 22,519.3892220040094,2702.994273935363
Selection 22,560.4428053169951,2704.41232947837
Selection 23,539.6359039236119,2393.534288676518
Selection 23,608.2715428910147,2387.153038732986
Selection 23,611.7991748899774,2386.3564766687036
Selection 23,649.255098769778,2378.600938328553
Selection 23,718.9411492505199,2361.25164149991
Selection 23,780.2501679123859,2355.553159040048
Selection 23,862.6461977045253,2370.5740436807905
Selection 23,894.9551051689667,2408.1087484240916
Selection 23,881.3785363590648,2468.4899035825083
Selection 23,870.9532020891784,2504.5715390656915
Selection 23,862.7337319973034,2538.7186666784755
Selection 23,839.4758704061303,2564.7776256385514
Selection 23,781.615702879726,2605.682400653814
Selection 23,733.8219790228175,2624.2221638642413
Selection 23,685.1178985210151,2630.7084549591077
Selection 23,623.3887152538136,2609.8052658436686
Selection 23,591.3599175262628,2602.075987791352
Selection 23,553.4663221825707,2593.6026682504203
Selection 23,519.7656194629557,2538.5786118100305
Selection 23,520.9823461325728,2484.2460762825885
Selection 23,520.3083320781808,2445.748494318727
Selection 23,539.6359039236119,2393.534288676518
Selection 24,6708.014017270297,2819.5833811196676
Selection 24,6684.014967452015,2843.7320509492847
Selection 24,6678.1558478081015,2845.126509454935
Selection 24,6641.624625840324,2848.100955280293
Selection 24,6618.218071266934,2839.2434506092072
Selection 24,6600.126019496195,2814.0235014984255
Selection 24,6593.79410061646,2783.0222351496236
Selection 24,6593.063954961141,2737.9327485334325
Selection 24,6613.579850915521,2715.675275647102
Selection 24,6639.254644860764,2706.0217925157085
Selection 24,6681.160217635726,2693.824769191605
Selection 24,6705.931306712501,2694.524990844657
Selection 24,6748.124149909228,2706.1953517288584
Selection 24,6758.429976290046,2739.6324318622087
Selection 24,6749.704137228936,2768.503109249587
Selection 24,6731.977158285857,2795.015775258311
Selection 24,6708.014017270297,2819.5833811196676
Selection 25,5135.294545755703,1965.237465469879
Selection 25,5155.468992541176,1998.0385765022017
Selection 25,5162.875695032344,2008.700197230987
Selection 25,5185.448502624479,2059.549477190772
Selection 25,5225.112150250661,2110.4592200280354
Selection 25,5263.576617473512,2201.163613392685
Selection 25,5276.979221981342,2246.7022372805695
Selection 25,5281.221700551114,2290.0339661404732
Selection 25,5275.135104218234,2330.624711221332
Selection 25,5231.904146820794,2356.371819881112
Selection 25,5181.337026955913,2359.606583826235
Selection 25,5133.6217394787855,2335.5423585896187
Selection 25,5117.588999800621,2298.74062049744
Selection 25,5109.426511340966,2251.589653210117
Selection 25,5100.891168470188,2193.132127834233
Selection 25,5078.278052293068,2124.254833239479
Selection 25,5060.532197752999,2067.0065654131736
Selection 25,5051.775157664801,1988.2536674968608
Selection 25,5040.3375966750355,1933.8874634970514
Selection 25,5054.354907103902,1890.626274660873
Selection 25,5095.570435252042,1913.7331710040728
Selection 25,5135.294545755703,1965.237465469879
Selection 26,4863.886765899009,2053.472958004139
Selection 26,4897.574665801022,2107.960087758906
Selection 26,4897.72582299472,2110.8320744391553
Selection 26,4931.96796594029,2163.485163577062
Selection 26,4987.291498833516,2259.2382072112023
Selection 26,5001.63127794227,2347.1411539193277
Selection 26,4965.8473316209875,2427.8691724999526
Selection 26,4914.887203052491,2437.815315845238
Selection 26,4899.24747207794,2391.68214032881
Selection 26,4897.040577049958,2350.9301609080076
Selection 26,4838.8249031839905,2317.4135724921844
Selection 26,4811.5964540259765,2279.9870513327237
Selection 26,4805.943174981696,2235.9096136505796
Selection 26,4801.872007898114,2187.3176144500085
Selection 26,4797.135749162265,2144.731594412345
Selection 26,4798.919404047893,2090.3956218512753
Selection 26,4812.080157045809,2042.9826487615437
Selection 26,4849.889609762636,1998.9656739568786
Selection 26,4863.886765899009,2053.472958004139
Selection 27,4978.342685760858,1748.144254373276
Selection 27,4989.829495838461,1759.7708810817205
Selection 27,4998.642312851213,1767.0020224580737
Selection 27,5010.727712879608,1783.4479536608494
Selection 27,5018.059347459379,1805.6744286949934
Selection 27,5019.239050282106,1825.8517162333617
Selection 27,5000.525468097864,1844.1021558279406
Selection 27,4980.610336742325,1840.1741823552265
Selection 27,4955.556944203347,1826.2536890470324
Selection 27,4936.524405329996,1810.3189624007723
Selection 27,4927.209122300156,1794.9041788504553
Selection 27,4921.380516501936,1775.080802158906
Selection 27,4917.435065950367,1757.6867394282338
Selection 27,4926.863949992765,1731.1871186139845
Selection 27,4951.423615054084,1736.7579374990905
Selection 27,4978.342685760858,1748.144254373276
Selection 28,5086.700574663311,1607.694079422898
Selection 28,5102.250805574757,1612.0720876761343
Selection 28,5115.5989245504425,1612.605138581219
Selection 28,5134.063458360997,1614.1518600599074
Selection 28,5158.177457911506,1627.8058279155591
Selection 28,5164.718254673078,1648.6953064172783
Selection 28,5156.4734427231215,1665.704873413135
Selection 28,5138.179310431405,1679.5030271693427
Selection 28,5116.796104452025,1682.8629955792615
Selection 28,5083.869287888763,1681.7400932628127
Selection 28,5057.470160277932,1670.1396821726507
Selection 28,5043.619575285159,1655.9177092542036
Selection 28,5035.575749742037,1623.3622806166156
Selection 28,5060.572341774737,1610.3112719814696
Selection 28,5086.700574663311,1607.694079422898
Selection 29,4643.534286131133,1339.8796923149998
Selection 29,4646.160217229132,1348.1288735346702
Selection 29,4650.761058237772,1359.1132175951852
Selection 29,4659.014608727156,1383.589866531941
Selection 29,4646.487912457667,1421.1524782615536
Selection 29,4619.101329891514,1429.5982766183456
Selection 29,4590.875847540311,1421.9739009677496
Selection 29,4588.188746666319,1403.7846311491644
Selection 29,4600.3921169769865,1381.1736603802046
Selection 29,4617.602670379678,1356.373685484627
Selection 29,4643.534286131133,1339.8796923149998
Selection 30,4855.002571009755,1465.583581981273
Selection 30,4873.314180380327,1482.4096396491502
Selection 30,4876.350822831424,1487.2638983011916
Selection 30,4893.098233644452,1506.8688115070506
Selection 30,4907.464392463456,1533.390278669869
Selection 30,4891.014091990965,1558.7058273916762
Selection 30,4874.358435841927,1562.7823560346594
Selection 30,4849.038517850406,1551.7237343890101
Selection 30,4841.7374681586325,1535.085555318827
Selection 30,4837.333244287113,1515.4762728432538
Selection 30,4833.916475370915,1499.6289315912697
Selection 30,4835.956924327264,1472.4477047016667
Selection 30,4855.002571009755,1465.583581981273
Selection 31,6136.66139722567,824.8944080265396
Selection 31,6160.176626939494,841.4665240719461
Selection 31,6172.116955313995,865.429401903865
Selection 31,6193.101602809199,905.9826671329495
Selection 31,6235.226204289556,970.617573980386
Selection 31,6234.230415618691,1017.0085360964687
Selection 31,6195.705270434855,1014.0851198150299
Selection 31,6159.381823137977,1002.7477460485749
Selection 31,6114.452569162614,986.0385948649761
Selection 31,6102.448291056956,941.0088484549385
Selection 31,6079.34416675771,897.1484685574763
Selection 31,6029.655225649129,889.428822439302
Selection 31,6055.454374332827,859.7013331274209
Selection 31,6086.515672323114,828.1101659361224
Selection 31,6136.66139722567,824.8944080265396
Selection 32,3271.841340877924,743.9705910859609
Selection 32,3308.4754011547043,757.6192908499285
Selection 32,3310.72277742106,759.1632200735635
Selection 32,3334.046157941415,792.453622978448
Selection 32,3316.925901343238,834.8888374387087
Selection 32,3250.7196582445276,868.8096019792788
Selection 32,3194.2063672539634,909.1253396354962
Selection 32,3129.041591205516,961.153013769228
Selection 32,3079.069444144671,985.7279818850732
Selection 32,3027.5533678601914,1021.4210675462655
Selection 32,2991.4583124603014,1056.9223040139882
Selection 32,2963.4757372414037,1087.5724965896986
Selection 32,2915.8605945574686,1115.628157215632
Selection 32,2854.2404607502654,1140.7695372360058
Selection 32,2801.9204449883896,1180.5279986635742
Selection 32,2771.3616091714744,1212.5576782970884
Selection 32,2695.087851253559,1255.8333749382625
Selection 32,2633.7783304262593,1264.8685583830845
Selection 32,2581.449178988504,1275.9501332249135
Selection 32,2541.051220249371,1301.4386689287085
Selection 32,2454.1892139871197,1375.766527884291
Selection 32,2421.081524599825,1413.1405779073104
Selection 32,2365.883770935908,1448.0388597669867
Selection 32,2237.1438264420453,1463.907528769672
Selection 32,2223.659568843909,1424.669800867235
Selection 32,2233.2794355450183,1384.3357918592585
Selection 32,2268.013275238863,1349.2365251302335
Selection 32,2290.3591384401116,1298.707101840739
Selection 32,2319.465401792187,1235.3603252923115
Selection 32,2359.972988641874,1198.9729282642772
Selection 32,2426.9100858109437,1156.9122765150762
Selection 32,2471.583540861681,1131.6795397359072
Selection 32,2516.933035927501,1094.7348664792237
Selection 32,2578.3978632447524,1061.024222483882
Selection 32,2660.5641321049425,1014.1490695461863
Selection 32,2693.9915701480195,987.41808192278
Selection 32,2731.393027198678,963.5008824702586
Selection 32,2765.4234198498016,939.9582457287963
Selection 32,2856.305123499032,883.8195174492913
Selection 32,2932.432710602875,848.6106226097123
Selection 32,2992.3170659929733,818.2436359862663
Selection 32,3046.5829807171817,787.2919661065326
Selection 32,3143.786572075023,732.2769259602056
Selection 32,3210.2668854501185,731.7105140556769
Selection 32,3271.841340877924,743.9705910859609
Selection 33,5573.173500437607,694.0886849217801
Selection 33,5588.867872095046,717.700233901536
Selection 33,5595.417773728475,721.4048999347584
Selection 33,5606.404810514176,743.0566870937762
Selection 33,5597.608670249002,772.3228976725718
Selection 33,5585.019967656321,780.243330413196
Selection 33,5569.732523287242,780.5818939171107
Selection 33,5548.516962181345,763.3509648188276
Selection 33,5535.0102316261255,748.8708641898529
Selection 33,5521.024954579795,724.6603182416322
Selection 33,5517.782557946149,711.2089297976296
Selection 33,5524.635213482119,694.4174821707744
Selection 33,5543.129244883468,686.6760974370285
Selection 33,5559.168690881436,689.732935227183
Selection 33,5573.173500437607,694.0886849217801
Selection 34,6530.0026060553355,603.468675573679
Selection 34,6547.772677380978,610.5104396572909
Selection 34,6551.883872979164,615.1582839430945
Selection 34,6563.5408157762895,632.0650508582213
Selection 34,6586.780037205308,693.2243352053514
Selection 34,6593.201155415413,742.7126772243744
Selection 34,6581.166225281791,789.7697673629718
Selection 34,6527.907342918462,900.5853881009008
Selection 34,6486.41739960011,937.7074777530769
Selection 34,6393.497845966655,977.9094642211469
Selection 34,6331.666584132421,964.959898063411
Selection 34,6314.3118322258915,943.2979571249571
Selection 34,6301.908247776428,928.4071226711426
Selection 34,6293.382533408794,898.9614425070657
Selection 34,6302.038910065587,870.8643838275245
Selection 34,6327.9007102984415,847.5458317229455
Selection 34,6362.35355604351,841.2647088226528
Selection 34,6381.845569679856,812.691666089746
Selection 34,6399.984295321341,776.2695529866368
Selection 34,6404.296150863592,759.0781289415562
Selection 34,6419.620970777828,738.200161738057
Selection 34,6431.305912636916,715.8709098228261
Selection 34,6437.106384973517,695.6275880238142
Selection 34,6444.236812753344,663.8066541032373
Selection 34,6446.201413601058,634.9489542403766
Selection 34,6467.919352663438,604.6586357070926
Selection 34,6499.212970917051,598.8254977982025
Selection 34,6530.0026060553355,603.468675573679
Selection 35,7269.154509318243,944.1705945561271
Selection 35,7261.426768216545,977.5174773536694
Selection 35,7260.670793543553,985.4085463168159
Selection 35,7244.487335729128,1016.870158942205
Selection 35,7221.402109140904,1038.7234268040706
Selection 35,7200.678136778201,1054.650226550504
Selection 35,7183.556710388027,1075.4488630784422
Selection 35,7162.263423765415,1106.5558209189708
Selection 35,7142.580083205657,1121.3486586559156
Selection 35,7107.030607533718,1139.8700381442234
Selection 35,7088.434563880175,1156.0068308553766
Selection 35,7055.381671233241,1188.0470907613278
Selection 35,7023.873393504581,1209.1303844192198
Selection 35,6976.657642014861,1233.671562229502
Selection 35,6919.707549982787,1263.252571193065
Selection 35,6873.896418101528,1292.1802687108323
Selection 35,6830.7685296583595,1333.5628822916617
Selection 35,6794.659072747167,1363.8765333765814
Selection 35,6762.814806274954,1383.4572107091435
Selection 35,6710.479892956392,1408.810361316343
Selection 35,6659.69892757676,1422.3665738166035
Selection 35,6614.027791005315,1425.4231380808617
Selection 35,6566.989366908026,1433.7901910973735
Selection 35,6501.350232646868,1442.6518942085593
Selection 35,6430.918592279766,1426.4311043115179
Selection 35,6399.218987627694,1406.5891024006376
Selection 35,6367.272057928286,1385.0064921377445
Selection 35,6338.960339773696,1367.4650798181306
Selection 35,6331.5685874155515,1345.448484094816
Selection 35,6327.998707015311,1324.453854133139
Selection 35,6334.90047578911,1300.5846538099609
Selection 35,6348.083367463201,1286.7997823036721
Selection 35,6375.536447717601,1260.78865374035
Selection 35,6393.357850656842,1252.258272862389
Selection 35,6415.131787843146,1236.7094604524518
Selection 35,6458.572332478232,1211.6456334855332
Selection 35,6499.721620542706,1185.79783278366
Selection 35,6554.049133770944,1151.937633850135
Selection 35,6624.868094495196,1123.8732407428836
Selection 35,6645.312076238273,1114.0035714010414
Selection 35,6674.011114750012,1092.8409470675886
Selection 35,6699.485594625718,1083.5079264133644
Selection 35,6719.028939875661,1079.7000539864412
Selection 35,6752.655813292831,1099.0054072097034
Selection 35,6776.99166464872,1100.1953673431171
Selection 35,6797.449645922779,1085.5471914263126
Selection 35,6809.115921740559,1068.444431077447
Selection 35,6827.226648320081,1046.7638240976844
Selection 35,6856.0096840177075,1019.8333929999211
Selection 35,6873.523097275359,1000.5653718592757
Selection 35,6937.668948231841,966.6211757398629
Selection 35,6976.69497409748,943.1579618151436
Selection 35,7026.047987317014,911.2390311776975
Selection 35,7058.820889344323,899.4327600501041
Selection 35,7118.04823841603,876.3148678895913
Selection 35,7154.904336979559,887.9158125627916
Selection 35,7177.163591239884,892.964976736727
Selection 35,7203.604038753299,898.8447797488881
Selection 35,7248.285875135399,922.3919908594953
Selection 35,7269.154509318243,944.1705945561271
Selection 36,680.8837432810159,1178.5412818204213
Selection 36,737.9372015774289,1173.4014946286468
Selection 36,736.6021919172277,1172.916036570392
Selection 36,773.8671661140233,1168.1888887281343
Selection 36,810.0519961312016,1168.4134130800771
Selection 36,868.489009893641,1161.8415246164507
Selection 36,893.7388971486266,1156.8959206479785
Selection 36,927.7452341293858,1146.6588238445274
Selection 36,988.4517643141671,1155.0329753494252
Selection 36,1000.2787362584033,1183.5111586918063
Selection 36,1001.9839076880238,1210.2902388302948
Selection 36,995.8914090569242,1274.661977354901
Selection 36,991.6618557243779,1315.1188382847226
Selection 36,1018.2042750594672,1343.3178832436072
Selection 36,1061.5738843388187,1343.6880450130266
Selection 36,1103.6873708924356,1345.101941607694
Selection 36,1129.7321957178135,1342.862766313993
Selection 36,1213.0974807716448,1345.1868967678888
Selection 36,1246.1450380873503,1367.8335151854822
Selection 36,1257.334846330127,1401.2937118507043
Selection 36,1261.9042203034514,1431.155450659112
Selection 36,1265.969931541337,1459.3666320694529
Selection 36,1275.685160932164,1500.1329725114122
Selection 36,1286.2802830535782,1529.4485710042827
Selection 36,1290.3824036458325,1555.141438737426
Selection 36,1293.841292310899,1604.6763653566152
Selection 36,1297.5247053279084,1635.096380932016
Selection 36,1303.9024105682329,1696.2944374007805
Selection 36,1302.609878488129,1757.941542573431
Selection 36,1279.6962581384958,1798.2891754401453
Selection 36,1244.2881610145253,1813.872379110129
Selection 36,1217.290624749822,1823.0657410883325
Selection 36,1175.0921830360105,1826.6035166878653
Selection 36,1144.6903721377942,1830.098814707301
Selection 36,1097.989306933668,1846.7378896539894
Selection 36,952.4186399401934,1943.0527684117712
Selection 36,865.4670334810039,2004.2144155261665
Selection 36,779.286091689294,2067.712329545914
Selection 36,735.0912037109093,2098.375074150442
Selection 36,623.435850312271,2111.148689308275
Selection 36,573.6339217610414,2106.457950820387
Selection 36,541.0596860521342,2095.207460320328
Selection 36,517.5149702267693,2073.3618476988554
Selection 36,487.2527285203015,2029.919419710766
Selection 36,451.00721624584133,2012.3640426791212
Selection 36,364.158769624031,1996.5805875601077
Selection 36,295.0477468057108,2001.9691720067372
Selection 36,271.16321033956734,2005.2399456742303
Selection 36,245.2276135772967,2012.8980465432016
Selection 36,202.10073332707262,2029.440029878239
Selection 36,132.77732260826593,2061.267873822579
Selection 36,100.5247028629528,2068.4890624391214
Selection 36,75.32336141379272,2064.4294194269646
Selection 36,36.626285945145135,2032.5348249996143
Selection 36,24.313855942653976,1986.9503133294747
Selection 36,23.300462246046838,1941.3718698850632
Selection 36,24.065058687798313,1893.9304811420982
Selection 36,23.239779988764898,1868.3407732463345
Selection 36,28.99245797908611,1830.4143624451667
Selection 36,32.633393415998235,1792.821704059049
Selection 36,42.476055547117255,1764.9382068380303
Selection 36,57.9500311539938,1741.357081658296
Selection 36,93.00010296000107,1704.134585041598
Selection 36,117.09702732663109,1671.954784005023
Selection 36,140.42328702578143,1633.4943693397747
Selection 36,150.9395222127292,1597.7707244779385
Selection 36,165.97051734144807,1545.8570533733
Selection 36,183.41059808425715,1510.5642525381652
Selection 36,238.516155921922,1450.6587281495047
Selection 36,293.4214623105567,1439.3596918436206
Selection 36,322.52467290294095,1437.7273391227384
Selection 36,357.0771501992368,1447.8855489917232
Selection 36,402.74054880384296,1460.1190920597478
Selection 36,423.62738176026227,1438.5465495960436
Selection 36,414.4582926849719,1408.1022611177302
Selection 36,398.79620208052154,1345.2051014450733
Selection 36,414.93768251749856,1313.6806687871426
Selection 36,445.86136082833883,1295.184716767629
Selection 36,504.6321270058287,1281.9135071000844
Selection 36,547.7104614502272,1233.1067675682775
Selection 36,607.7252139019953,1179.184513747609
Selection 36,680.8837432810159,1178.5412818204213
Selection 37,2068.972173926576,1121.154071108958
Selection 37,2116.31647105789,1122.5194218978002
Selection 37,2118.8347847350874,1140.9425552085754
Selection 37,2119.471948436547,1181.174891786454
Selection 37,2113.3187675481654,1213.5974218521565
Selection 37,2104.2224971816136,1246.6267744906777
Selection 37,2090.162418169404,1321.3933836876681
Selection 37,2063.929478346453,1376.4321910423228
Selection 37,2043.3763978050838,1395.7837628895109
Selection 37,2023.4908220938153,1412.0101984866824
Selection 37,2006.1599694141134,1457.6918017684732
Selection 37,1974.6173320789985,1558.0481188612273
Selection 37,1962.2320833677688,1626.4430910436215
Selection 37,1967.614599588671,1670.2071349953053
Selection 37,1970.0782992343145,1713.946906044076
Selection 37,1949.337103695372,1784.5385759400738
Selection 37,1936.8426269210354,1811.7060225251664
Selection 37,1925.8530701272887,1846.7621625569018
Selection 37,1922.2728169476582,1871.8906852973237
Selection 37,1916.9267100811257,1944.5030743608074
Selection 37,1910.5611412922576,1977.7266102226306
Selection 37,1900.0267014281253,2018.4504730844928
Selection 37,1881.888774726575,2042.2379179389852
Selection 37,1853.7625484764285,2046.1701282108504
Selection 37,1829.635282981158,2045.1749391914277
Selection 37,1791.9758741120304,2039.2766237836302
Selection 37,1753.570073478336,2031.3029751767926
Selection 37,1730.7110671602559,2013.8143486281579
Selection 37,1702.1236557547675,1990.536634734833
Selection 37,1676.0363533492923,1955.7839059895068
Selection 37,1670.3989716478065,1921.1404053072883
Selection 37,1665.0771376841865,1894.6586682294808
Selection 37,1662.006615465724,1863.0250075084427
Selection 37,1661.7942275652376,1837.2229117121922
Selection 37,1656.059754252101,1813.8420379814884
Selection 37,1630.7613211912899,1796.6386180420784
Selection 37,1598.3934051571414,1776.5163815274107
Selection 37,1562.3602807831676,1754.4280398768105
Selection 37,1537.0011654650748,1734.1601659446665
Selection 37,1513.0013327100955,1707.1626296799632
Selection 37,1492.290478299794,1678.0048050560254
Selection 37,1476.6405241467999,1636.5284822038682
Selection 37,1463.4117920593526,1590.476717152658
Selection 37,1453.1807634816296,1558.1391422471502
Selection 37,1446.1355534112045,1532.1003856475004
Selection 37,1438.671635765535,1500.9218418560763
Selection 37,1434.9882227485252,1473.5116662418563
Selection 37,1438.6352264111656,1446.8660870693877
Selection 37,1445.3527522922686,1421.2521062707108
Selection 37,1459.6009463020514,1389.4485352292836
Selection 37,1477.028890593404,1360.848987372339
Selection 37,1498.4193862852626,1340.3080432824263
Selection 37,1549.580597399606,1314.245013779864
Selection 37,1582.8769519701675,1298.5040362409472
Selection 37,1627.6058438126329,1284.3832749714566
Selection 37,1668.6695273152732,1267.7320635733115
Selection 37,1692.044332820249,1257.422148061122
Selection 37,1761.537653859445,1232.6577188643914
Selection 37,1800.7262556120756,1194.2701229078814
Selection 37,1834.0468830855498,1182.2489677403435
Selection 37,1858.8113122822806,1176.8664515194416
Selection 37,1885.280912908631,1170.9256585315466
Selection 37,1921.7630859864912,1158.4918640144917
Selection 37,1970.69725825859,1140.0323213493473
Selection 37,2003.0469696155542,1129.3401076162822
Selection 37,2035.1418154919345,1123.6359754317864
Selection 37,2068.972173926576,1121.154071108958
Selection 38,2625.003697400338,732.7087375705327
Selection 38,2636.2723925775813,756.362681459005
Selection 38,2636.2723925775813,756.5932740366761
Selection 38,2608.212916810445,774.5127446120118
Selection 38,2588.4608420651966,788.9672582965529
Selection 38,2554.6668929849243,820.9953536899233
Selection 38,2526.2493918998252,843.1929234036307
Selection 38,2467.860923943211,887.9521563747371
Selection 38,2428.629844610483,910.9628683360215
Selection 38,2382.8329450398564,936.2309602681918
Selection 38,2332.6790593963924,966.7359310037872
Selection 38,2302.2044297894377,995.8573462733559
Selection 38,2265.339958490703,1019.1411283924089
Selection 38,2230.726798937125,1030.6525525987793
Selection 38,2190.852487677209,1043.857011783314
Selection 38,2127.172526885616,1042.5887526061229
Selection 38,2084.4946953392778,1032.5337025745173
Selection 38,2059.4814688876913,1002.3928253826132
Selection 38,2055.367211843981,959.7938807707415
Selection 38,2069.014651506673,926.5582084574619
Selection 38,2083.78471292908,896.6297191660442
Selection 38,2101.649569472862,872.5813406052398
Selection 38,2119.19281005305,845.0558687021842
Selection 38,2138.010378036158,813.2947752408542
Selection 38,2155.1773886211986,793.9249987164817
Selection 38,2188.449470288847,772.079386095009
Selection 38,2215.2831644588896,753.3407050463679
Selection 38,2256.128391835315,729.7595798666339
Selection 38,2299.158180473888,721.8648181942626
Selection 38,2332.4970126245466,718.3695201748271
Selection 38,2359.5309582436194,718.3513154976425
Selection 38,2384.082999539863,718.4302024321089
Selection 38,2427.422267690574,722.3199351238767
Selection 38,2456.695388603347,722.8296660850444
Selection 38,2487.861795943315,723.0541904369874
Selection 38,2537.2025393392023,724.1646757452455
Selection 38,2599.505012890497,730.7001548545028
Selection 38,2625.003697400338,732.7087375705327
Selection 39,1684.7017796891428,740.3971795681454
Selection 39,1703.6771215411832,755.8165411434682
Selection 39,1705.7706594174076,761.4721275221383
Selection 39,1709.1749340509205,790.9030223038446
Selection 39,1689.5078144658669,809.2472686801535
Selection 39,1650.2281893273134,825.4130220200433
Selection 39,1622.8969006475597,825.3826808914023
Selection 39,1572.178670011374,784.9986386703188
Selection 39,1574.5695509482796,747.9642570511944
Selection 39,1595.1954501983867,720.5783543398871
Selection 39,1626.416471569908,715.8330018204449
Selection 39,1658.3838847059965,725.5300265340876
Selection 39,1684.7017796891428,740.3971795681454
Selection 40,1128.1918378883513,4344.940144890597
Selection 40,1145.5255788287068,4340.24037018973
Selection 40,1145.5255788287068,4340.24037018973
Selection 40,1162.2481212821162,4346.716796393025
Selection 40,1167.3085410529206,4361.514633052138
Selection 40,1166.7618790521738,4385.567761085009
Selection 40,1162.6695065743588,4402.187804413279
Selection 40,1158.7669472912473,4420.1403363683685
Selection 40,1148.900457430541,4456.975484932599
Selection 40,1145.0776196892057,4472.847664273734
Selection 40,1144.0754060211693,4491.977038035989
Selection 40,1136.2702874549468,4516.599605652973
Selection 40,1124.490480591626,4527.475901709504
Selection 40,1106.097582024823,4528.9450558365115
Selection 40,1088.277919306025,4515.305079665092
Selection 40,1066.9846751241469,4492.417404647702
Selection 40,1057.8129015560569,4475.338013388249
Selection 40,1055.109961663474,4452.533856176529
Selection 40,1052.596834965595,4433.446241317109
Selection 40,1043.8654280092178,4414.370015249372
Selection 40,1017.9027792376249,4405.179260361811
Selection 40,1002.9568882866437,4388.995787381361
Selection 40,1014.5354931635788,4373.746195318854
Selection 40,1046.826513846598,4363.803780180267
Selection 40,1080.8486308653166,4358.067625436315
Selection 40,1101.2573455598745,4351.87971528897
Selection 40,1128.1918378883513,4344.940144890597
Selection 41,888.4349953940218,4324.554207779403
Selection 41,911.698500536926,4311.817742414775
Selection 41,915.1872670555827,4310.329606968297
Selection 41,937.8054073364935,4307.596296964562
Selection 41,961.8091839387428,4317.477971880843
Selection 41,959.3188348242282,4338.327053187115
Selection 41,946.0167261393824,4348.539003062182
Selection 41,934.6469157766218,4360.785750384474
Selection 41,916.3489238071702,4380.150492508162
Selection 41,899.379624200646,4397.036274309016
Selection 41,882.4027320663336,4420.816071341515
Selection 41,870.2053361746639,4441.923298592584
Selection 41,859.4163541876969,4456.307342487241
Selection 41,843.3467691240689,4471.302584868846
Selection 41,828.8184672014361,4468.314925184207
Selection 41,816.6286638375548,4452.829964760266
Selection 41,815.8656147948452,4431.084965174993
Selection 41,821.1538103992946,4407.153317586732
Selection 41,829.9307725224007,4390.001797313291
Selection 41,835.4809103355414,4369.202067437644
Selection 41,851.6378094687332,4346.177726920067
Selection 41,867.050640878686,4333.737370139176
Selection 41,888.4349953940218,4324.554207779403
Selection 42,904.4628215548152,4158.961176719764
Selection 42,899.6339738815491,4172.479672446572
Selection 42,890.8646042862312,4177.934903662361
Selection 42,867.9959105883112,4184.779567463381
Selection 42,842.9785315263434,4182.76754759952
Selection 42,823.4999014858342,4165.809636784678
Selection 42,813.3714694164366,4152.553083266561
Selection 42,811.1354699828253,4131.540762612845
Selection 42,810.0307571896489,4112.798607767786
Selection 42,833.0930603461669,4104.097570922562
Selection 42,851.4138298989827,4106.576531245394
Selection 42,867.544155184916,4111.587599585576
Selection 42,880.1249737298872,4099.834366569513
Selection 42,895.2834554589368,4090.279170348122
Selection 42,917.1271579054562,4079.4598182500017
Selection 42,941.020842854777,4074.32726946521
Selection 42,956.8740408764427,4076.6809530795376
Selection 42,962.8949154124489,4094.565152284534
Selection 42,956.4071004174713,4109.742615333054
Selection 42,948.3552246981338,4124.4948968254375
Selection 42,940.1287208396689,4139.008013692494
Selection 42,926.1964323484061,4147.340812939994
Selection 42,904.4628215548152,4158.961176719764
Selection 43,655.1735604224585,4420.258020549086
Selection 43,679.4658530806574,4407.0470221976975
Selection 43,684.0175734896558,4404.4959328608775
Selection 43,700.3794708731278,4397.127384642475
Selection 43,719.4025492463478,4392.959086886778
Selection 43,737.692948688011,4397.176736073097
Selection 43,739.1848803983833,4416.989437336285
Selection 43,734.8723246147117,4433.541147914461
Selection 43,718.8786648289653,4450.400355868057
Selection 43,708.6705112177921,4466.386423126016
Selection 43,706.4838632148037,4483.997291330638
Selection 43,716.8248860622696,4506.273767861083
Selection 43,724.7780589203609,4520.919753964432
Selection 43,728.7185808424128,4541.43096778413
Selection 43,723.1304803903315,4559.106372474953
Selection 43,695.2013669216067,4564.0377192733595
Selection 43,675.1532972969859,4560.936171671899
Selection 43,657.8575189955709,4549.752378239948
Selection 43,647.858159898572,4534.491397385757
Selection 43,634.4307745052216,4518.911530364465
Selection 43,616.1479675913466,4500.848906756447
Selection 43,607.4810971211687,4483.241834815717
Selection 43,595.1698133126769,4466.876141168352
Selection 43,587.1521039683862,4446.034652389869
Selection 43,588.6440356787584,4428.393414074093
Selection 43,604.8654712981496,4419.969504493136
Selection 43,619.5532163043337,4425.751214403815
Selection 43,635.2052123396132,4424.490854790982
Selection 43,655.1735604224585,4420.258020549086
Selection 44,1136.2626949271587,4136.172204563619
Selection 44,1150.4189629881719,4140.54929683349
Selection 44,1157.6698270258591,4142.405669877694
Selection 44,1170.322774584818,4153.616037156903
Selection 44,1166.2645684820495,4174.127250976601
Selection 44,1143.6046692983039,4173.311054239375
Selection 44,1124.501869383308,4169.438865067416
Selection 44,1099.4199538351413,4161.9981878350245
Selection 44,1097.9128370691926,4142.8498327533
Selection 44,1113.3218722152512,4135.822948285364
Selection 44,1136.2626949271587,4136.172204563619